coming_soon,price_usd,is_free,discount_pct,platforms_win,platforms_mac,platforms_linux,metacritic_score,recommendations,positive_reviews,negative_reviews,avg_playtime_forever,avg_playtime_2weeks,median_playtime,peak_ccu,required_age,dlc_count,achievements,publishing_model,genre_count,release_year
False,4.79,False,88,True,False,False,,23986,20738,7717,1332,824,465,469,0,1,72,Publisher-Backed,1,2022
False,9.99,False,0,True,True,True,,909,1616,411,301,0,328,61,17,2,0,Publisher-Backed,1,2018
False,0.89,False,10,True,True,False,,0,79,35,251,0,243,0,0,0,32,Self-Published,1,2018
False,3.99,False,0,True,False,False,,1169,769,509,5786,0,9223,41,0,0,0,Self-Published,1,2018
False,18.99,False,0,True,False,False,68.0,1948,2154,466,448,0,201,16,0,1,73,Publisher-Backed,1,2018
False,2.99,False,90,True,False,False,62.0,1903,834,1620,114,0,104,3,0,0,74,Publisher-Backed,1,2018
False,12.99,False,0,True,True,True,,3710,5311,309,491,0,233,7,0,1,52,Self-Published,1,2018
False,7.99,False,0,True,False,False,,9597,7529,641,84,0,83,3,0,1,7,Self-Published,1,2018
False,19.99,False,0,True,False,False,,2955,1596,1374,265,0,113,6,17,0,30,Publisher-Backed,1,2018
False,4.99,False,0,True,True,True,,222,615,169,201,0,193,0,0,0,35,Self-Published,1,2018
False,5.99,False,80,True,True,True,90.0,37113,22620,2332,2536,828,402,1807,0,8,106,Publisher-Backed,1,2018
False,14.99,False,0,True,True,True,87.0,20245,21441,480,813,120,317,269,0,1,18,Self-Published,1,2018
False,29.99,False,0,True,True,False,,11821,10044,1632,771,20,194,121,0,7,69,Publisher-Backed,1,2024
False,2.99,False,90,True,False,False,65.0,11848,10985,2803,322,0,200,21,0,1,25,Self-Published,1,2018
False,4.99,False,0,True,False,False,,0,2,1,0,0,0,0,0,0,0,Self-Published,1,2018
False,1.99,False,0,True,True,False,,0,273,336,233,0,216,0,0,0,11,Publisher-Backed,1,2018
False,19.99,False,0,True,True,False,,10570,9621,3108,1933,0,511,68,0,1,0,Publisher-Backed,1,2018
False,14.99,False,0,True,False,False,,45276,47800,6014,730,111,456,1096,0,0,31,Self-Published,1,2018
False,0.49,False,90,True,False,False,,119,75,95,337,0,344,0,0,0,0,Publisher-Backed,1,2018
False,39.99,False,0,True,False,False,,7689,5345,655,548,5,417,103,17,1,60,Publisher-Backed,1,2018
False,4.99,False,0,True,False,False,90.0,5546,6485,746,857,0,22,1383,0,0,0,Publisher-Backed,1,2018
False,19.99,False,0,True,False,False,73.0,3372,3988,923,366,0,78,10,17,0,0,Publisher-Backed,1,2018
False,29.99,False,0,True,False,False,,75877,58065,16229,990,48,512,373,17,2,57,Self-Published,1,2018
False,0.99,False,0,True,True,True,,3351,2576,1273,163,0,174,0,0,10,1079,Publisher-Backed,1,2018
False,19.99,False,0,True,False,False,,5396,3684,612,1565,0,1155,144,0,0,37,Publisher-Backed,1,2018
False,9.99,False,0,True,False,False,,2733,1184,1520,26016,0,33638,172,0,1,100,Self-Published,1,2018
False,9.99,False,0,True,False,False,,1271,1272,309,28,0,37,4,0,0,48,Self-Published,1,2018
False,2.39,False,88,True,True,False,,8378,7346,960,763,0,580,41,0,3,76,Publisher-Backed,1,2018
False,19.99,False,0,True,False,False,76.0,33834,24755,3272,513,331,450,210,17,0,45,Self-Published,1,2018
False,19.99,False,0,True,False,True,,7572,7404,1511,689,0,525,65,0,0,40,Self-Published,1,2018
False,12.49,False,50,True,True,True,89.0,152675,163549,4915,2431,36,922,2559,0,8,121,Self-Published,1,2018
False,19.99,False,0,True,False,False,84.0,5171,5157,627,861,0,745,48,0,1,56,Publisher-Backed,1,2018
False,39.99,False,0,True,False,False,,7232,4839,1682,419,0,209,164,0,1,49,Publisher-Backed,1,2018
False,19.99,False,0,True,True,True,,1903,1729,253,595,0,104,43,0,1,0,Self-Published,1,2018
False,9.99,False,0,True,True,True,69.0,1130,1279,248,508,0,203,2,0,5,187,Self-Published,1,2018
False,14.99,False,0,True,True,True,76.0,859,599,365,1395,0,1959,5,0,2,17,Publisher-Backed,1,2018
False,39.99,False,0,True,False,False,,82273,62533,4423,1374,336,647,3743,0,8,27,Self-Published,1,2018
False,1.07,False,82,True,True,True,,281,359,96,12,0,2,1,0,0,0,Self-Published,1,2018
False,19.99,False,0,True,False,False,,1634,1178,1606,259,0,192,8,0,0,30,Publisher-Backed,1,2018
False,29.99,False,0,True,False,False,,15416,13296,5058,1080,0,903,68,0,2,54,Publisher-Backed,1,2018
False,0.49,False,51,True,False,False,,189,1681,173,40,0,17,0,0,3,100,Self-Published,1,2018
False,4.99,False,0,True,False,False,,177,741,255,192,0,199,2,0,0,27,Self-Published,1,2018
False,1.99,False,0,True,False,False,,3894,3089,498,221,0,60,59,0,5,97,Publisher-Backed,1,2018
False,4.99,False,0,True,True,False,84.0,392,442,44,57,0,9,144,0,0,0,Publisher-Backed,1,2018
False,9.99,False,0,True,True,True,64.0,9508,10405,1137,306,0,322,39,17,3,27,Publisher-Backed,1,2018
False,14.99,False,0,True,False,False,65.0,4309,4553,1560,762,0,228,46,17,3,50,Publisher-Backed,1,2018
False,1.99,False,0,True,False,False,,422,1407,405,219,0,215,0,0,1,27,Publisher-Backed,1,2018
False,29.99,False,0,True,False,False,80.0,2433,2482,136,1213,0,118,75,0,0,0,Publisher-Backed,1,2018
False,9.99,False,0,True,False,False,56.0,3365,3230,674,1483,0,827,32,0,0,0,Publisher-Backed,1,2018
False,19.99,False,0,True,False,True,80.0,5700,5515,549,470,54,300,17,0,1,29,Self-Published,1,2015
False,19.99,False,0,True,False,False,,3542,3770,241,75,0,52,2,0,2,17,Self-Published,1,2018
False,9.99,False,0,True,False,False,,2751,3280,653,128,0,49,5,18,5,103,Self-Published,1,2018
False,14.99,False,0,True,False,False,,25866,21755,3368,1877,3,643,374,0,1,78,Self-Published,1,2020
False,16.99,False,0,True,True,True,77.0,33318,34787,2506,657,102,610,35,17,5,34,Publisher-Backed,1,2018
False,14.99,False,0,True,False,False,,8486,6487,649,173,0,219,21,0,0,0,Publisher-Backed,1,2018
False,4.99,False,75,True,False,False,,14822,10873,4198,1587,0,413,166,0,5,42,Publisher-Backed,1,2018
False,24.99,False,0,True,True,True,,4445,5127,335,336,0,155,8,0,6,65,Publisher-Backed,1,2018
False,9.99,False,75,True,True,True,88.0,14389,16666,2265,2119,0,1189,233,17,10,55,Publisher-Backed,1,2018
False,2.99,False,85,True,False,False,91.0,58765,70940,2711,572,43,279,601,0,0,47,Publisher-Backed,1,2018
False,24.99,False,0,True,True,False,80.0,13372,13812,1711,559,0,504,24,0,2,39,Publisher-Backed,1,2018
False,8.99,False,0,True,False,False,83.0,6454,5488,1196,445,0,100,29,13,0,0,Self-Published,1,2018
False,1.99,False,90,True,True,True,,88354,101543,9424,502,41,341,1208,0,0,49,Publisher-Backed,1,2018
False,7.49,False,75,True,False,False,82.0,24110,21727,4325,1234,0,930,150,17,5,68,Publisher-Backed,1,2018
False,9.99,False,0,True,True,True,73.0,3698,3418,365,389,0,85,5,17,0,0,Self-Published,1,2018
False,5.99,False,70,True,True,False,86.0,5475,4839,309,547,0,97,37,0,0,0,Publisher-Backed,1,2018
False,0.99,False,0,True,False,False,,0,7,2,0,0,0,0,0,0,0,Self-Published,1,2018
False,34.99,False,0,True,False,False,73.0,3058,2593,939,421,0,156,13,0,6,54,Self-Published,1,2017
False,3.99,False,0,True,False,False,,2745,2159,177,58347,1238,32479,8493,0,0,0,Self-Published,1,2020
False,19.99,False,0,True,True,True,77.0,13570,17426,1243,365,0,202,182,0,2,53,Publisher-Backed,1,2018
False,4.99,False,75,True,False,False,49.0,1713,1150,1112,1219,0,157,5,0,6,0,Publisher-Backed,1,2018
False,24.99,False,0,True,False,False,,1150,1653,102,1447,0,15,217,0,0,0,Publisher-Backed,1,2018
False,1.49,False,90,True,True,True,,48513,59105,7975,751,150,347,979,0,18,83,Publisher-Backed,1,2020
False,24.99,False,0,True,False,False,,4456,4155,210,1884,0,1632,203,0,1,29,Self-Published,1,2018
False,39.99,False,0,True,False,False,72.0,6046,4174,1819,1450,0,706,63,0,4,198,Publisher-Backed,1,2018
False,0.49,False,51,True,False,False,,485,317,82,357,0,424,1,0,0,44,Self-Published,1,2018
False,1.99,False,0,True,False,False,,133,91,118,237,0,244,0,0,0,0,Publisher-Backed,1,2018
False,2.99,False,80,True,True,True,73.0,4563,6679,1309,336,0,273,8,0,1,45,Self-Published,1,2018
False,9.99,False,0,True,False,False,80.0,61834,64416,22503,11882,4204,300,14345,0,3,0,Self-Published,1,2017
False,3.99,False,0,True,False,False,,4171,3651,3035,386,0,115,2,0,0,20,Self-Published,1,2018
False,14.99,False,0,True,False,False,,351,340,58,0,0,0,0,0,0,26,Publisher-Backed,1,2018
False,39.99,False,0,True,False,False,78.0,46404,44761,8081,1710,1,836,429,17,2,50,Publisher-Backed,1,2018
False,15.99,False,0,True,False,False,,2698,2194,642,320,0,188,11,0,0,294,Publisher-Backed,1,2018
False,14.99,False,0,True,True,False,,3695,3991,406,1674,0,1137,5,0,0,39,Self-Published,1,2018
False,4.99,False,0,True,False,False,,1418,1434,457,169,0,153,0,0,0,22,Self-Published,1,2018
False,19.99,False,0,True,False,False,,946,1071,298,299,0,371,0,0,2,24,Publisher-Backed,1,2018
False,17.99,False,0,True,True,False,,2477,2538,196,3301,0,2009,28,0,3,251,Self-Published,1,2018
False,24.99,False,0,True,False,False,,5505,5528,75,1341,0,565,69,0,1,133,Self-Published,1,2018
False,5.99,False,70,True,False,False,,2995,2432,952,1529,0,1696,8,17,7,43,Self-Published,1,2018
False,16.99,False,0,True,False,False,,3022,2847,393,806,0,292,62,0,1,19,Self-Published,1,2018
False,2.99,False,0,True,True,True,,338,242,67,66,0,66,2,0,0,10,Self-Published,1,2018
False,3.99,False,0,True,True,False,,23332,25241,891,78,0,40,5,0,1,28,Publisher-Backed,1,2018
False,29.99,False,0,True,True,True,75.0,2586,3737,1492,304,0,130,5,0,3,40,Self-Published,1,2018
False,11.24,False,55,True,False,False,,4406,3652,964,2132,0,2270,94,0,2,39,Publisher-Backed,1,2018
False,7.99,False,0,True,True,True,83.0,1388,2022,590,81,0,22,2,0,0,14,Publisher-Backed,1,2018
False,19.99,False,0,True,False,False,81.0,3195,3761,288,365,0,279,8,0,3,39,Publisher-Backed,1,2018
False,9.99,False,0,True,False,False,73.0,619,668,173,189,0,136,1,0,1,50,Publisher-Backed,1,2018
False,2.69,False,85,True,False,False,,2163,1548,790,367,0,380,18,0,0,37,Publisher-Backed,1,2018
False,14.99,False,0,True,True,False,82.0,10023,9577,200,205,0,124,33,0,5,25,Self-Published,1,2018
False,19.99,False,0,True,False,False,,1092,768,373,503,0,734,1,0,2,18,Self-Published,1,2018
False,1.94,False,87,True,False,False,72.0,8677,8236,2715,1228,33,467,92,17,5,67,Publisher-Backed,1,2017
False,29.99,False,0,True,True,True,85.0,28922,30399,1462,677,66,275,117,0,4,40,Publisher-Backed,1,2018
False,9.79,False,72,True,True,False,82.0,13397,12466,2517,1589,0,589,430,0,3,61,Publisher-Backed,1,2018
False,9.99,False,0,True,True,False,,27929,28928,2810,979,0,125,424,0,0,0,Publisher-Backed,1,2018
False,19.99,False,0,True,False,False,82.0,1643,1595,117,475,0,560,19,0,2,12,Self-Published,1,2018
False,19.99,False,0,True,True,True,64.0,2898,3258,919,311,0,168,4,0,10,107,Publisher-Backed,1,2018
False,29.99,False,0,True,False,False,91.0,11896,10565,2649,406,21,147,10,17,0,0,Publisher-Backed,1,2018
False,12.99,False,0,True,False,False,,7826,6741,791,302,0,322,61,0,1,46,Publisher-Backed,1,2018
False,24.99,False,0,True,False,False,76.0,3686,3352,690,274,0,152,18,0,2,42,Publisher-Backed,1,2018
False,29.99,False,0,True,False,False,77.0,3728,3461,526,551,1,251,59,13,0,51,Publisher-Backed,1,2018
False,0.49,False,51,True,False,False,,574,345,310,236,0,238,0,0,3,15,Self-Published,1,2018
False,5.39,False,80,True,True,True,75.0,26138,28948,3000,610,182,275,214,0,5,58,Publisher-Backed,1,2018
False,14.99,False,0,True,False,False,,7886,5420,353,548,60,356,545,0,0,11,Self-Published,1,2018
False,7.49,False,75,True,False,False,,59641,66636,1669,1001,0,736,274,0,2,50,Publisher-Backed,1,2018
False,29.99,False,0,True,False,False,75.0,34380,27969,14164,1687,462,695,827,17,2,77,Self-Published,1,2018
False,14.99,False,0,True,True,False,,3508,3404,318,508,0,202,64,0,1,42,Publisher-Backed,1,2018
False,0.99,False,0,True,False,False,,1272,932,213,214,0,161,3,0,0,2975,Publisher-Backed,1,2018
False,29.99,False,0,True,False,False,,23015,20860,10748,1441,0,247,37,0,2,29,Self-Published,1,2018
False,39.99,False,0,True,False,False,,102941,80268,32692,5081,721,1141,7267,0,7,36,Self-Published,1,2018
False,0.99,False,0,True,True,False,,0,94,114,191,0,212,0,0,0,5,Publisher-Backed,1,2018
False,9.99,False,0,True,False,False,,2271,1756,161,300,0,67,37,17,0,0,Publisher-Backed,1,2018
False,9.99,False,0,True,True,True,,0,12,4,0,0,0,0,0,0,0,Publisher-Backed,1,2018
False,19.99,False,0,True,False,True,80.0,3578,3847,559,948,0,301,13,0,2,0,Self-Published,1,2013
False,5.99,False,0,True,False,False,24.0,4633,2389,2907,214,0,91,7,0,1,35,Publisher-Backed,1,2018
False,8.99,False,0,True,True,True,83.0,708,826,44,80,0,60,2,17,4,50,Self-Published,1,2018
False,1.99,False,90,True,True,False,,47947,47065,4456,1886,0,475,202,0,21,60,Publisher-Backed,1,2018
False,9.99,False,0,True,True,True,82.0,16647,23511,1604,307,3,275,31,0,3,11,Publisher-Backed,1,2018
False,0.99,False,90,True,True,True,76.0,6366,7697,498,250,0,108,16,0,1,24,Self-Published,1,2018
False,14.99,False,0,True,False,False,,0,112,12,15,0,15,0,0,0,5,Publisher-Backed,1,2018
False,8.99,False,0,True,True,True,,3699,3504,418,384,0,198,32,0,2,82,Publisher-Backed,1,2018
False,29.99,False,0,True,False,False,81.0,36807,41310,5376,1498,0,374,329,17,1,59,Self-Published,1,2018
False,14.99,False,0,True,False,False,,103875,86445,4949,2986,128,667,1044,0,0,77,Self-Published,1,2018
False,10.99,False,0,True,False,False,,9175,9575,614,574,0,562,10,0,4,89,Publisher-Backed,1,2018
False,0.99,False,0,True,False,False,,0,354,331,225,0,216,0,0,0,3,Self-Published,1,2018
False,29.99,False,0,True,False,False,,5279,3883,2886,747,144,604,71,17,15,64,Publisher-Backed,1,2018
False,9.99,False,0,True,False,False,,8637,6433,3857,620,0,90,3,0,1,35,Publisher-Backed,1,2018
False,19.99,False,0,True,True,False,66.0,4808,8277,3509,336,0,195,15,17,3,41,Publisher-Backed,1,2018
False,5.99,False,60,True,False,False,,3261,2842,342,89,9,54,41,0,0,12,Self-Published,1,2018
False,24.99,False,0,True,True,True,77.0,3768,4265,624,1376,0,602,53,0,0,0,Self-Published,1,2018
False,29.99,False,0,True,False,False,74.0,30203,23779,5900,1160,877,730,173,17,9,56,Publisher-Backed,1,2018
False,19.99,False,0,True,True,True,79.0,1310,1843,115,252,0,119,1,0,1,29,Self-Published,1,2018
False,9.99,False,0,True,False,False,79.0,5140,4323,700,1180,402,774,354,0,0,0,Self-Published,1,2018
False,19.99,False,0,True,False,False,86.0,43844,42807,6310,852,182,623,566,17,1,70,Self-Published,1,2018
False,24.99,False,0,True,True,True,83.0,3670,3248,296,529,0,129,5,0,1,18,Publisher-Backed,1,2018
False,4.99,False,0,True,False,False,,2428,3012,271,316,0,181,26,0,0,0,Self-Published,1,2009
False,39.99,False,0,True,False,False,70.0,12035,11626,3571,1001,0,440,52,0,3,64,Publisher-Backed,1,2018
False,7.99,False,0,True,False,False,55.0,5561,4744,3381,236,31,142,18,0,2,24,Publisher-Backed,1,2018
False,7.99,False,80,True,False,False,81.0,58087,58909,4133,477,0,462,145,17,1,35,Publisher-Backed,1,2019
False,19.99,False,0,True,True,False,88.0,186169,179894,6941,1349,74,444,2080,0,3,42,Self-Published,1,2018
False,9.74,False,35,True,False,False,,24670,25087,2736,1189,0,676,220,0,1,155,Publisher-Backed,1,2018
False,19.99,False,0,True,False,False,77.0,1296,1288,177,302,0,47,1,0,2,35,Publisher-Backed,1,2018
False,9.99,False,0,True,False,False,85.0,16786,12895,3942,476,31,193,77,17,0,0,Publisher-Backed,1,2018
False,39.99,False,0,True,False,False,,13732,7976,599,512,152,383,127,0,0,30,Self-Published,1,2018
False,29.99,False,0,True,False,False,75.0,12292,11784,2556,530,0,191,76,17,10,35,Self-Published,1,2018
False,4.49,False,85,True,False,False,,12445,11995,3308,645,0,268,43,0,4,71,Publisher-Backed,1,2018
False,9.99,False,0,True,False,False,,1520,1250,970,647,0,152,3,0,2,36,Publisher-Backed,1,2018
False,4.99,False,0,True,False,False,,1754,1144,874,113,0,88,1,0,0,0,Self-Published,1,2018
False,14.99,False,0,True,True,True,,5716,4814,2543,421,0,293,4,0,2,31,Self-Published,1,2018
False,12.99,False,0,True,False,False,,12047,11081,1222,322,0,160,60,0,1,48,Self-Published,1,2019
False,9.99,False,0,True,True,True,61.0,2665,2872,719,637,0,226,3,0,0,31,Self-Published,1,2015
False,1.99,False,0,True,False,False,,221,214,63,268,0,271,0,0,0,0,Publisher-Backed,1,2018
False,19.99,False,0,True,False,False,70.0,3978,7787,4980,481,0,103,12,17,3,47,Publisher-Backed,1,2018
False,6.24,False,75,True,False,False,76.0,5135,4858,756,454,0,320,18,0,0,56,Publisher-Backed,1,2018
False,19.99,False,0,True,True,True,,2058,1908,113,1258,0,1556,134,0,2,320,Publisher-Backed,1,2018
False,4.99,False,75,True,False,False,,7138,7792,949,696,160,285,76,0,10,70,Publisher-Backed,1,2018
False,9.99,False,0,True,False,False,88.0,13480,0,0,543,0,203,10,17,0,0,Publisher-Backed,1,2010
False,19.99,False,0,True,False,False,,4541,3363,1239,1303,0,288,145,0,2,34,Self-Published,1,2018
False,6.24,False,75,True,False,False,,5587,5623,546,279,0,266,27,0,2,41,Self-Published,1,2018
False,4.99,False,0,True,False,True,,0,38,2,0,0,0,0,0,0,8,Self-Published,1,2018
False,0.71,False,88,True,True,True,,2570,2391,322,110,0,140,7,0,1,10,Publisher-Backed,1,2018
False,14.99,False,0,True,False,True,,18268,13410,1370,3241,1112,781,1806,0,0,230,Publisher-Backed,1,2018
False,4.99,False,0,True,False,False,,22701,21717,2463,563,0,175,690,0,0,8,Self-Published,1,2018
False,19.99,False,0,True,True,False,65.0,8373,8334,2681,278,0,159,197,0,0,0,Publisher-Backed,1,2018
False,2.99,False,85,True,False,False,80.0,6999,8783,889,1234,0,345,115,0,0,48,Publisher-Backed,1,2018
False,14.99,False,0,True,True,True,84.0,22760,34525,2215,1493,0,267,195,0,3,29,Publisher-Backed,1,2018
False,9.99,False,0,True,False,False,68.0,5514,7000,443,164,0,168,6,0,0,16,Publisher-Backed,1,2018
False,3.74,False,85,True,False,False,,2082,1548,535,1683,1,131,241,0,0,58,Publisher-Backed,1,2018
False,6.99,False,0,True,True,False,75.0,1044,1637,230,259,0,276,2,0,1,17,Publisher-Backed,1,2018
False,9.99,False,0,True,False,True,88.0,133304,175426,6808,7414,407,366,6187,0,0,147,Self-Published,1,2018
False,39.99,False,0,True,False,False,,37827,43116,4883,3100,57,1789,996,0,27,54,Self-Published,1,2018
False,8.99,False,0,True,False,False,,17289,16047,230,510,583,299,30,0,0,9,Self-Published,1,2018
False,9.99,False,0,True,True,False,,14284,13720,1000,1037,0,848,38,0,3,62,Self-Published,1,2018
False,17.99,False,40,True,False,False,82.0,3676,3254,339,919,0,413,47,0,0,43,Publisher-Backed,1,2018
False,7.49,False,75,True,False,False,,1466,1891,198,44,0,34,2,17,0,21,Publisher-Backed,1,2018
False,29.99,False,0,True,False,False,81.0,91567,90102,22098,2848,65,721,764,0,9,38,Self-Published,1,2018
False,1.99,False,0,True,False,False,,271,463,177,234,0,227,0,0,0,45,Publisher-Backed,1,2018
False,2.99,False,80,True,True,True,71.0,837,1734,159,150,0,74,2,0,1,34,Self-Published,1,2018
False,19.99,False,0,True,False,False,85.0,2211,1745,557,2528,0,594,7,0,0,25,Publisher-Backed,1,2018
False,11.99,False,0,True,True,False,70.0,605,1174,178,83,0,52,1,0,1,0,Self-Published,1,2018
False,24.99,False,0,True,True,False,73.0,3358,3357,691,807,161,326,36,0,3,26,Publisher-Backed,1,2018
False,9.99,False,0,True,False,False,61.0,3310,2627,760,264,0,174,27,16,0,71,Self-Published,1,2019
False,22.49,False,25,True,False,False,,7299,5690,1840,562,0,498,66,0,0,22,Self-Published,1,2018
False,12.99,False,0,True,False,False,,0,4,9,0,0,0,0,0,0,0,Self-Published,1,2018
False,14.99,False,75,True,False,False,62.0,11100,10225,3102,648,16,203,57,17,4,70,Publisher-Backed,1,2018
False,3.99,False,0,True,False,False,,0,10,7,0,0,0,0,0,0,0,Self-Published,1,2018
False,34.99,False,0,True,True,False,72.0,6752,6538,931,684,0,181,99,0,6,88,Publisher-Backed,1,2018
False,9.99,False,75,True,True,False,87.0,16497,16069,2868,796,0,299,103,0,0,2,Self-Published,1,2018
False,0.49,False,90,True,False,False,,2542,1621,325,338,0,303,67,0,1,500,Self-Published,1,2017
False,34.99,False,0,True,True,True,87.0,201180,206216,4301,12804,581,3241,19211,0,10,0,Self-Published,1,2018
False,1.99,False,0,True,False,False,,378,1032,371,278,0,245,0,0,1,5,Publisher-Backed,1,2018
False,2.99,False,90,True,False,False,,2575,0,0,0,0,0,0,0,2,45,Publisher-Backed,1,2018
False,0.99,False,0,True,False,False,,2572,2419,330,553,0,47,14,0,1,0,Self-Published,1,2018
False,17.99,False,0,True,True,True,,4292,4331,683,1164,0,127,45,0,1,31,Publisher-Backed,1,2018
False,0.81,False,59,True,False,False,,321,941,693,101,0,32,1,0,3,43,Self-Published,1,2018
False,14.99,False,0,True,True,True,76.0,5338,4945,1025,223,0,220,9,0,0,14,Self-Published,1,2015
False,1.99,False,0,True,False,False,,136,173,95,311,0,318,2,0,1,52,Self-Published,1,2018
False,39.99,False,0,True,False,False,,12276,13120,267,686,289,396,140,0,2,23,Self-Published,1,2018
False,29.99,False,0,True,False,False,,1892,992,215,211,0,127,5,0,0,44,Publisher-Backed,1,2018
False,14.99,False,0,True,False,False,78.0,1289,1320,121,756,0,110,66,0,0,0,Publisher-Backed,1,2018
False,29.99,False,0,True,False,False,,5914,4706,2098,733,0,452,1,0,1,70,Publisher-Backed,1,2018
False,3.99,False,80,True,False,False,,36036,34349,3347,834,230,243,280,0,4,62,Publisher-Backed,1,2018
False,9.99,False,0,True,False,False,,5669,3794,3392,649,0,110,24,0,1,0,Self-Published,1,2018
False,19.99,False,0,True,False,False,63.0,2208,1688,1338,451,0,164,7,0,0,0,Publisher-Backed,1,2018
False,14.99,False,0,True,True,True,85.0,15740,17124,1353,860,18,477,36,0,0,29,Self-Published,1,2018
False,19.99,False,0,True,False,True,83.0,3892,4144,292,323,0,281,13,0,1,44,Publisher-Backed,1,2018
False,10.99,False,0,True,False,False,,2905,2824,201,161,0,206,2,0,0,49,Publisher-Backed,1,2022
False,0.49,False,51,True,True,True,,0,227,112,268,0,271,0,0,0,24,Publisher-Backed,1,2018
False,4.99,False,0,True,False,False,,296,491,2219,194,0,129,0,0,0,0,Publisher-Backed,1,2018
False,29.99,False,0,True,True,True,,7382,5457,529,641,0,106,164,0,3,32,Publisher-Backed,1,2018
False,29.99,False,0,True,False,False,89.0,14835,15394,1040,941,0,407,22,17,0,0,Publisher-Backed,1,2018
False,14.99,False,0,True,False,False,82.0,4003,3326,475,1152,0,188,208,0,0,0,Self-Published,1,2018
False,24.99,False,0,True,False,False,,3980,2114,632,549,0,363,44,0,0,42,Publisher-Backed,1,2018
False,19.99,False,0,True,False,False,,5273,4140,1989,0,0,0,0,0,0,0,Publisher-Backed,1,2018
False,4.99,False,0,True,False,False,,3436,3378,377,403,0,30,54,0,0,0,Publisher-Backed,1,2018
False,19.99,False,0,True,True,False,,76634,64104,4237,1322,169,726,2464,0,6,15,Self-Published,1,2018
False,19.99,False,0,True,True,False,83.0,29205,28794,1496,1036,0,496,1099,0,9,43,Publisher-Backed,1,2018
False,24.99,False,0,True,True,True,,1774,2291,123,384,10,159,7,0,0,22,Self-Published,1,2018
False,29.99,False,0,True,False,False,80.0,3546,3225,468,1308,0,829,178,0,4,39,Self-Published,1,2018
False,29.99,False,0,True,True,True,71.0,9244,8934,1788,2112,0,502,91,0,0,53,Publisher-Backed,1,2018
False,6.24,False,75,True,True,False,93.0,278615,274829,4912,2256,211,1062,2253,0,1,49,Self-Published,1,2018
False,19.99,False,0,True,False,False,,6625,8079,1808,553,0,247,37,0,1,46,Publisher-Backed,1,2018
False,9.99,False,0,True,False,False,76.0,2560,5108,842,257,0,181,3,0,0,0,Publisher-Backed,1,2018
False,29.99,False,0,True,False,False,,5291,4296,1269,2389,0,264,83,0,2,32,Publisher-Backed,1,2018
False,29.99,False,0,True,False,False,86.0,246929,244524,11664,915,108,352,1173,0,5,50,Publisher-Backed,1,2018
False,39.99,False,0,True,False,False,,2783,1871,980,743,0,532,26,17,2,0,Publisher-Backed,1,2018
False,8.99,False,55,True,False,False,,6935,6262,471,352,0,397,4,0,1,25,Publisher-Backed,1,2018
False,2.49,False,75,True,True,True,92.0,288014,264082,8850,787,23,396,3331,0,1,0,Self-Published,1,2018
False,7.49,False,75,True,False,False,83.0,65840,66212,7260,437,0,198,73,17,1,14,Publisher-Backed,1,2018
False,19.99,False,0,True,False,False,64.0,2500,1395,1386,993,0,1465,1,0,0,123,Self-Published,1,2018
False,14.99,False,0,True,False,False,68.0,15739,18175,1778,671,0,233,49,17,2,50,Publisher-Backed,1,2018
False,3.99,False,0,True,True,True,,151,127,104,354,0,369,3,0,0,1,Self-Published,1,2018
False,0.99,False,0,True,False,False,,0,3,0,0,0,0,0,0,0,0,Publisher-Backed,1,2018
False,19.99,False,0,True,True,False,75.0,1433,1789,440,201,0,167,2,0,1,12,Publisher-Backed,1,2018
False,3.49,False,30,True,False,False,,330,483,422,231,0,220,1,0,0,0,Publisher-Backed,1,2018
False,24.99,False,0,True,False,False,64.0,1720,1447,1071,180,0,133,13,0,0,16,Publisher-Backed,1,2018
False,1.99,False,0,True,False,False,,0,2,4,0,0,0,0,0,0,0,Self-Published,1,2018
False,19.99,False,0,True,False,False,59.0,21193,18054,6004,1422,1083,432,89,0,0,36,Publisher-Backed,1,2018
False,2.99,False,80,True,False,False,,1492,1497,195,198,0,160,17,0,1,40,Publisher-Backed,1,2018
False,19.99,False,0,True,False,False,,0,1,0,0,0,0,1,0,0,0,Self-Published,1,2018
False,19.99,False,50,True,False,False,81.0,69110,69559,11311,3835,250,1248,7084,0,7,165,Publisher-Backed,1,2018
False,29.99,False,0,True,False,False,88.0,12063,11357,540,2056,0,2344,149,0,3,87,Publisher-Backed,1,2018
False,24.99,False,0,True,False,False,,806,683,218,619,0,920,71,0,2,84,Self-Published,1,2018
False,9.99,False,0,True,False,False,71.0,7447,9350,554,2252,0,200,11,0,0,41,Publisher-Backed,1,2018
False,19.99,False,0,True,True,True,,28482,28358,1218,967,29,476,296,0,2,30,Self-Published,1,2018
False,39.99,False,0,True,False,False,77.0,31184,36035,2908,2016,71,461,1479,0,9,0,Publisher-Backed,1,2019
False,4.99,False,0,True,False,False,,12533,15955,336,490,0,166,9,0,0,152,Self-Published,1,2018
False,14.99,False,75,True,True,True,86.0,99260,87141,32717,12854,1321,4359,16842,0,32,138,Publisher-Backed,1,2018
False,4.74,False,75,True,False,False,,0,60,18,0,0,0,0,0,2,35,Publisher-Backed,1,2018
False,0.99,False,80,True,False,False,59.0,2401,2149,717,395,0,224,4,0,0,14,Publisher-Backed,1,2018
False,29.99,False,0,True,False,False,,15683,9972,3146,276,129,159,83,0,0,40,Self-Published,1,2018
False,4.49,False,70,True,False,False,77.0,12038,12122,1098,419,0,236,12,0,7,0,Publisher-Backed,1,2018
False,14.99,False,0,True,True,False,,2708,2397,424,3085,0,4588,3,0,2,79,Publisher-Backed,1,2018
False,6.99,False,0,True,False,False,,798,799,111,295,0,29,15,0,0,0,Publisher-Backed,1,2018
False,19.99,False,0,True,False,False,69.0,47322,42993,11727,1016,326,564,515,16,5,70,Self-Published,1,2018
False,4.99,False,0,True,True,True,,303,546,218,244,0,273,0,0,0,32,Self-Published,1,2018
False,24.99,False,0,True,True,False,,44488,42127,1839,689,174,536,517,0,5,60,Publisher-Backed,1,2018
False,19.99,False,0,True,False,True,53.0,1285,1859,664,662,0,610,0,0,0,50,Publisher-Backed,1,2018
False,14.99,False,0,True,True,True,,66771,62741,3893,829,47,288,437,17,1,29,Publisher-Backed,1,2018
False,19.99,False,0,True,False,False,,9408,5413,4144,537,0,244,160,0,11,45,Publisher-Backed,1,2018
False,6.99,False,0,True,False,False,,354,324,99,323,0,288,2,0,0,0,Publisher-Backed,1,2018
False,29.99,False,0,True,False,False,,19144,20015,8172,6245,29,491,503,0,785,1384,Publisher-Backed,1,2018
False,0.74,False,75,True,False,False,,15964,16608,723,428,0,62,2,0,0,10,Self-Published,1,2018
False,29.99,False,0,True,False,False,,17585,16065,4715,3108,0,499,88,0,0,0,Self-Published,1,2018
False,0.49,False,90,True,False,False,,2260,1596,308,39,0,15,169,0,1,15,Self-Published,1,2018
False,19.99,False,0,True,False,False,,10693,11613,1263,763,0,337,37,0,0,20,Self-Published,1,2018
False,24.99,False,0,True,False,False,76.0,12030,8827,3999,1355,584,731,374,0,4,126,Publisher-Backed,1,2018
False,19.99,False,0,True,False,False,76.0,4979,4116,1129,290,0,180,55,0,0,63,Publisher-Backed,1,2018
False,2.49,False,90,True,True,True,,1890,1787,272,961,0,1093,8,0,1,44,Publisher-Backed,1,2019
False,19.99,False,0,True,False,True,84.0,131820,121562,6131,928,242,527,907,0,0,50,Self-Published,1,2018
False,19.99,False,0,True,True,False,,1668,1267,545,321,1,360,22,0,2,22,Publisher-Backed,1,2018
False,9.99,False,0,True,True,False,70.0,1966,2943,359,221,0,44,4,0,5,100,Publisher-Backed,1,2018
False,19.99,False,0,True,False,False,91.0,24821,25909,2216,1097,0,369,193,17,0,59,Publisher-Backed,1,2018
False,9.99,False,0,True,True,True,,13851,14430,402,1408,0,507,214,0,0,74,Self-Published,1,2018
False,2.99,False,0,True,True,True,,0,217,99,306,0,282,0,0,1,9,Self-Published,1,2018
False,17.99,False,60,True,False,False,,96031,83704,28411,8034,2559,893,8535,0,15,69,Self-Published,1,2018
False,19.99,False,0,True,False,False,,28647,25320,837,526,84,415,108,0,0,13,Publisher-Backed,1,2018
False,14.99,False,0,True,True,True,72.0,555,728,70,390,0,470,0,0,1,30,Publisher-Backed,1,2018
False,4.99,False,0,True,False,False,,0,210,149,168,0,173,0,0,0,10,Publisher-Backed,1,2018
False,39.99,False,0,True,False,False,,64011,56080,8779,1010,1,864,196,0,1,29,Publisher-Backed,1,2018
False,6.99,False,0,True,False,False,,38150,36836,8196,465,0,310,237,0,0,28,Publisher-Backed,1,2018
False,19.99,False,0,True,False,False,,2321,2168,445,281,0,194,1,0,8,36,Publisher-Backed,1,2018
False,14.99,False,0,True,True,False,80.0,26435,30526,1113,674,341,610,199,17,0,40,Publisher-Backed,1,2018
False,39.99,False,0,True,False,False,81.0,21637,36530,3695,1458,0,561,527,17,4,68,Publisher-Backed,1,2018
False,19.99,False,0,True,True,True,76.0,4087,5218,390,663,0,241,15,0,4,48,Self-Published,1,2018
False,19.99,False,0,True,False,False,86.0,55830,48815,5831,1309,0,970,188,17,0,0,Publisher-Backed,1,2018
False,12.99,False,0,True,True,False,76.0,10931,10695,572,239,0,200,24,0,2,24,Self-Published,1,2018
False,1.49,False,90,True,True,True,81.0,4288,5622,390,396,0,266,27,0,4,47,Self-Published,1,2018
False,19.99,False,0,True,True,True,76.0,1183,1707,719,330,0,239,0,12,0,26,Self-Published,1,2018
False,3.74,False,75,True,False,False,59.0,3566,2205,1807,492,0,528,18,0,0,40,Self-Published,1,2018
False,9.99,False,0,True,True,True,78.0,440,669,205,310,0,332,2,0,2,0,Publisher-Backed,1,2018
False,7.99,False,80,True,True,True,,12129,9929,4218,1487,0,782,232,0,1,137,Publisher-Backed,1,2018
False,24.99,False,0,True,True,False,,7575,6433,1251,3046,157,1571,182,0,5,35,Self-Published,1,2018
False,9.99,False,0,True,False,False,89.0,16188,20902,1296,371,0,59,89,16,0,0,Publisher-Backed,1,2018
False,19.99,False,0,True,False,False,,17471,17125,3741,328,0,198,121,0,8,46,Self-Published,1,2018
False,29.99,False,0,True,False,False,,4202,3070,1400,133,0,153,37,0,2,59,Self-Published,1,2018
False,9.99,False,0,True,False,False,,10955,12222,376,210,0,170,14,0,3,20,Publisher-Backed,1,2018
False,14.99,False,0,True,True,True,,850,1485,200,285,0,212,2,0,1,14,Publisher-Backed,1,2018
False,19.99,False,0,True,False,False,76.0,11010,11103,1101,356,0,215,15,0,3,33,Self-Published,1,2018
False,1.99,False,75,True,False,False,,8554,7890,800,95,0,101,12,0,1,14,Self-Published,1,2018
False,2.24,False,85,True,False,False,,4199,4463,247,1125,45,249,99,0,0,12,Publisher-Backed,1,2018
False,4.99,False,0,True,False,False,,0,3,1,0,0,0,0,0,0,0,Self-Published,1,2018
False,12.49,False,50,True,False,False,88.0,7512,7155,390,282,0,314,15,0,1,17,Publisher-Backed,1,2018
False,9.99,False,0,True,False,False,,1484,1448,211,288,0,156,2,0,1,36,Self-Published,1,2018
False,12.99,False,0,True,False,False,,544,1626,704,185,0,40,6,0,0,18,Publisher-Backed,1,2018
False,12.99,False,0,True,True,True,67.0,1311,1647,584,424,0,386,0,0,1,10,Self-Published,1,2018
False,7.99,False,80,True,False,False,66.0,22368,24117,4023,553,0,320,46,0,1,42,Publisher-Backed,1,2018
False,19.99,False,0,True,True,False,76.0,1412,1407,523,221,0,81,6,0,1,40,Self-Published,1,2018
False,4.99,False,0,True,False,False,78.0,2939,2688,140,763,0,342,205,0,0,14,Publisher-Backed,1,2018
False,34.99,False,0,True,False,False,,8286,6040,1026,2669,3049,272,232,0,7,50,Self-Published,1,2018
False,14.99,False,0,True,False,False,,1836,1987,167,347,0,406,8,0,2,37,Publisher-Backed,1,2018
False,9.99,False,0,True,False,False,,8192,8821,407,254,18,75,80,17,0,13,Publisher-Backed,1,2018
False,4.99,False,0,True,True,True,,4906,4684,607,163,0,107,7,0,1,15,Publisher-Backed,1,2018
False,19.99,False,0,True,True,False,79.0,2040,2113,247,293,0,223,2,0,1,31,Self-Published,1,2018
False,14.99,False,0,True,True,True,76.0,14368,16041,1113,282,0,209,56,0,1,19,Publisher-Backed,1,2018
False,1.99,False,0,True,False,False,,148,172,92,229,0,234,0,0,0,12,Publisher-Backed,1,2018
False,7.99,False,0,True,False,False,62.0,11264,10566,1099,208,0,136,30,0,0,0,Self-Published,1,2018
False,19.99,False,0,True,True,True,,3285,3490,255,334,0,118,15,0,0,10,Publisher-Backed,1,2018
False,19.99,False,0,True,True,True,,108617,101846,10729,1736,1347,414,2575,0,4,87,Self-Published,1,2018
False,9.99,False,0,True,False,False,59.0,7661,8528,1987,208,0,154,20,0,0,58,Self-Published,1,2018
False,4.99,False,0,True,True,True,,6890,7602,1136,116,0,14,66,0,0,0,Self-Published,1,2018
False,0.99,False,0,True,False,False,,157,185,124,351,0,262,0,0,0,0,Self-Published,1,2018
False,1.99,False,0,True,True,True,81.0,1876,1774,369,123,0,98,0,0,2,65,Self-Published,1,2018
False,1.99,False,80,True,True,True,77.0,20711,27648,1978,765,1,287,25,0,1,15,Publisher-Backed,1,2018
False,20.99,False,30,True,False,False,,4812,3476,521,297,0,401,126,0,2,28,Publisher-Backed,1,2018
False,0.83,False,94,True,True,True,75.0,22474,25444,2303,331,0,147,138,1,2,60,Publisher-Backed,1,2018
False,4.99,False,0,True,False,False,84.0,460,556,133,4,0,5,0,0,0,0,Self-Published,1,2018
False,29.99,False,0,True,True,False,,33746,28079,5496,6785,455,2606,13431,0,11,45,Self-Published,1,2018
False,29.99,False,0,True,True,True,83.0,6689,7142,418,722,0,368,74,0,4,34,Self-Published,1,2018
False,19.99,False,0,True,False,False,,21635,20136,655,640,416,448,50,0,1,38,Self-Published,1,2018
False,14.99,False,0,True,False,False,,1645,1483,362,132,0,74,2,0,0,30,Publisher-Backed,1,2018
False,9.99,False,0,True,False,False,,979,616,623,221,0,91,5,0,0,0,Publisher-Backed,1,2018
False,19.99,False,0,True,False,False,84.0,1458,1848,275,205,0,251,4,0,0,39,Self-Published,1,2018
False,9.99,False,0,True,False,False,,174,319,114,323,0,253,1,0,2,52,Self-Published,1,2018
False,1.99,False,0,True,False,False,,405,280,402,190,0,211,0,0,0,0,Publisher-Backed,1,2018
False,2.99,False,0,True,False,False,,287,272,283,184,0,205,0,0,0,0,Publisher-Backed,1,2018
False,15.99,False,0,True,True,True,73.0,2068,2383,408,1917,0,341,32,0,5,33,Self-Published,1,2018
False,19.99,False,0,True,True,True,,10669,10485,2262,415,0,94,21,0,5,55,Publisher-Backed,1,2018
False,19.99,False,0,True,True,True,,450092,471451,28377,4571,876,1699,14439,0,1,0,Publisher-Backed,1,2018
False,19.99,False,0,True,True,True,73.0,4058,3585,1178,223,0,84,12,0,3,35,Publisher-Backed,1,2018
False,19.99,False,0,True,False,False,,35978,35622,3089,168,0,120,44,0,10,30,Publisher-Backed,1,2018
False,3.99,False,90,True,False,False,72.0,18918,17075,5009,637,0,211,267,0,1,28,Publisher-Backed,1,2018
False,14.99,False,50,True,False,False,,3503,2832,276,460,0,624,386,0,0,0,Publisher-Backed,1,2018
False,2.99,False,0,True,False,False,,3622,3529,1120,206,0,213,2,0,2,48,Self-Published,1,2018
False,8.99,False,40,True,True,True,,9440,8567,1316,260,241,162,131,0,0,0,Publisher-Backed,1,2023
False,19.99,False,0,True,False,False,75.0,8830,8812,2797,317,0,248,41,17,0,30,Publisher-Backed,1,2018
False,4.99,False,0,True,False,False,84.0,460,500,121,39,0,8,0,0,0,0,Self-Published,1,2018
False,14.99,False,0,True,True,False,75.0,15664,12461,1075,465,64,322,422,0,2,65,Publisher-Backed,1,2018
False,9.99,False,0,True,False,False,74.0,3251,3472,312,120,287,91,2,0,0,19,Publisher-Backed,1,2018
False,9.99,False,0,True,False,False,,1039,746,452,1480,0,620,4,0,0,30,Publisher-Backed,1,2018
False,4.99,False,0,True,False,False,73.0,29695,28356,641,270,0,164,42,0,0,5,Self-Published,1,2018
False,29.99,False,0,True,True,False,74.0,228146,256128,27136,12797,535,834,7181,17,21,123,Self-Published,1,2018
False,2.99,False,80,True,True,True,,8783,8712,673,710,80,174,269,0,0,72,Publisher-Backed,1,2018
False,14.99,False,0,True,True,False,,3900,4857,396,2264,0,865,23,0,7,16,Self-Published,1,2018
False,29.99,False,0,True,False,False,,616,1128,472,215,0,211,0,0,1,12,Publisher-Backed,1,2018
False,19.99,False,0,True,True,True,,1366,1722,167,753,0,851,5,0,0,37,Self-Published,1,2018
False,19.99,False,0,True,True,True,79.0,30604,36581,4906,1767,424,880,428,0,7,78,Publisher-Backed,1,2018
False,11.99,False,70,True,False,False,,2617,2572,1010,483,0,196,27,0,2,38,Publisher-Backed,1,2018
False,39.99,False,0,True,False,False,91.0,160824,177539,4169,2476,556,1488,3748,0,27,46,Self-Published,1,2018
False,14.99,False,0,True,False,False,,19884,14733,4239,549,0,333,189,0,0,23,Publisher-Backed,1,2018
False,14.99,False,0,True,True,True,,7187,6792,292,1760,0,739,136,0,0,83,Self-Published,1,2018
False,14.99,False,0,True,False,False,,11589,9887,1313,567,133,201,172,10,0,13,Self-Published,1,2018
False,1.99,False,0,True,True,True,84.0,651,1209,81,36,0,24,0,0,1,30,Publisher-Backed,1,2018
False,19.99,False,0,True,False,False,47.0,4290,3598,1143,194,0,81,1,0,1,10,Self-Published,1,2018
False,9.99,False,0,True,False,False,,3344,959,2983,243,0,258,10,0,0,26,Publisher-Backed,1,2018
False,4.99,False,0,True,False,False,,403,546,251,304,2182,127,3,0,0,52,Publisher-Backed,1,2018
False,1.74,False,65,True,True,False,,2865,2224,383,641,57,510,38,0,1,22,Self-Published,1,2018
False,2.99,False,0,True,True,True,,31236,28294,5381,623,233,389,296,0,0,0,Self-Published,1,2018
False,29.99,False,0,True,False,False,,12098,11969,494,437,0,248,29,0,1,15,Publisher-Backed,1,2019
False,1.74,False,93,True,True,True,78.0,3201,3231,625,1538,5,646,43,0,5,61,Publisher-Backed,1,2018
False,24.99,False,0,True,False,False,81.0,9543,8588,1351,1102,0,497,91,0,2,37,Publisher-Backed,1,2018
False,1.99,False,0,True,True,False,,0,16,41,306,0,317,1,0,0,0,Publisher-Backed,1,2018
False,14.99,False,0,True,True,False,74.0,1316,1649,421,365,0,175,10,0,0,63,Self-Published,1,2018
False,19.99,False,0,True,False,False,,652542,630223,166993,13481,844,1448,44886,17,37,297,Self-Published,1,2018
False,24.99,False,0,True,False,False,,1468,1263,450,266,0,196,9,0,0,76,Self-Published,1,2018
False,3.99,False,0,True,True,False,,6595,5582,266,321,0,334,111,0,0,50,Self-Published,1,2018
False,4.24,False,83,True,False,False,77.0,2621,2357,483,1019,0,133,26,0,7,44,Publisher-Backed,1,2018
False,9.99,False,0,True,False,False,,0,4,2,0,0,0,0,0,0,0,Publisher-Backed,1,2018
False,19.99,False,0,True,True,False,80.0,50598,47962,10301,412,83,199,364,17,0,65,Publisher-Backed,1,2018
False,19.99,False,0,True,False,False,,5649,5853,440,1397,0,1310,205,0,3,44,Publisher-Backed,1,2018
False,9.89,False,34,True,False,False,86.0,8684,10634,572,241,0,125,76,17,0,0,Self-Published,1,2018
False,2.49,False,75,True,False,False,72.0,9013,4769,355,47,0,33,0,17,0,0,Publisher-Backed,1,2018
False,39.99,False,0,True,False,False,84.0,95553,119152,10147,2464,265,1751,2879,17,0,41,Publisher-Backed,1,2018
False,14.99,False,0,True,False,False,79.0,8555,8401,738,630,0,657,50,0,1,30,Self-Published,1,2018
False,1.99,False,0,True,False,False,,7735,7476,211,263,0,130,2,0,0,640,Self-Published,1,2018
False,23.99,False,0,True,False,False,81.0,8158,4579,356,1637,13,523,209,0,3,46,Publisher-Backed,1,2018
False,29.99,False,0,True,True,False,,34747,27488,1408,916,158,352,625,0,2,35,Self-Published,1,2024
False,0.77,False,94,True,True,False,,1735,1745,680,473,0,155,2,0,0,56,Publisher-Backed,1,2018
False,19.99,False,0,True,False,False,,35059,38503,932,2699,13,563,2818,0,0,0,Publisher-Backed,1,2010
False,9.99,False,0,True,True,False,,3118,2761,197,1000,0,383,60,0,0,20,Self-Published,1,2018
False,2.99,False,0,True,False,False,,2514,2342,249,535,0,2,119,0,0,0,Self-Published,1,2015
False,6.99,False,0,True,False,False,,0,23,9,372,0,397,0,0,0,20,Self-Published,1,2018
False,19.99,False,0,True,False,False,,3700,2867,267,437,0,698,175,0,0,0,Self-Published,1,2018
False,4.49,False,70,True,True,False,,401,384,61,40,0,50,5,0,1,54,Publisher-Backed,1,2018
False,1.99,False,0,True,False,False,,849,632,881,215,0,211,0,0,0,0,Publisher-Backed,1,2018
False,39.99,False,0,True,True,False,69.0,1126145,1071135,156649,20315,1157,3043,143870,0,5,102,Self-Published,1,2018
False,6.99,False,0,True,False,False,,1304,1253,239,159,0,16,3,13,0,0,Publisher-Backed,1,2018
False,19.99,False,0,True,False,False,76.0,4581,4632,611,533,0,646,9,0,1,37,Publisher-Backed,1,2018
False,19.99,False,0,True,False,False,70.0,4456,4121,331,557,314,323,29,0,1,51,Publisher-Backed,1,2018
False,4.99,False,0,True,False,False,67.0,284,272,94,497,141,728,5,0,0,0,Self-Published,1,2018
False,4.99,False,0,True,False,False,84.0,8354,8752,472,376,0,291,17,0,1,101,Self-Published,1,2018
False,9.99,False,0,True,True,True,80.0,9440,10861,979,245,0,253,11,0,1,13,Self-Published,1,2018
False,3.99,False,0,True,False,False,,4491,3961,725,148,0,105,3,0,1,100,Self-Published,1,2018
False,39.99,False,0,True,True,True,86.0,11573,14055,485,748,0,316,116,17,5,36,Publisher-Backed,1,2018
False,5.99,False,0,True,True,False,,14188,14362,794,157,0,146,51,0,1,24,Self-Published,1,2018
False,29.99,False,0,True,False,False,68.0,3242,2781,1970,1321,0,1040,3,0,10,49,Publisher-Backed,1,2018
False,9.99,False,0,True,True,True,79.0,651,1054,133,177,0,56,0,0,1,17,Self-Published,1,2018
False,9.99,False,0,True,True,True,,2058,1923,159,238,0,271,3,0,1,27,Self-Published,1,2018
False,19.99,False,0,True,True,False,,5188,5031,929,412,0,624,4,17,1,39,Publisher-Backed,1,2018
False,0.99,False,0,True,False,True,,0,4,1,0,0,0,0,0,0,15,Self-Published,1,2018
False,12.99,False,0,True,True,False,,2809,2984,147,593,0,710,4,12,0,17,Self-Published,1,2018
False,9.99,False,0,True,False,True,80.0,1592,1850,221,128,0,45,1,0,0,14,Self-Published,1,2018
False,19.99,False,0,True,False,False,59.0,11836,14278,2373,299,0,181,11,17,0,48,Publisher-Backed,1,2018
False,2.99,False,0,True,False,True,,102087,91745,3796,212,65,136,793,0,0,16,Publisher-Backed,1,2018
False,22.49,False,50,True,True,False,85.0,19750,16477,5151,1106,34,624,525,0,3,71,Self-Published,1,2018
False,9.99,False,0,True,False,False,65.0,2535,2738,416,131,0,56,23,0,0,0,Publisher-Backed,1,2018
False,5.99,False,0,True,False,False,81.0,1750,1609,195,109,0,80,24,0,0,0,Publisher-Backed,1,2018
False,2.99,False,0,True,True,True,88.0,18248,23905,771,247,2,95,12,0,0,6,Self-Published,1,2018
False,7.3,False,66,True,True,False,,7536,6309,971,1040,0,306,111,0,2,51,Publisher-Backed,1,2018
False,11.24,False,55,True,False,False,66.0,41299,39787,2490,1810,2,237,836,0,5,47,Publisher-Backed,1,2018
False,19.99,False,0,True,True,False,44.0,1999,4293,1692,227,0,212,4,0,0,11,Publisher-Backed,1,2018
False,0.49,False,90,True,False,False,,2548,1698,296,353,0,334,49,0,1,9,Self-Published,1,2018
False,5.99,False,85,True,False,False,78.0,84693,79686,12107,588,89,576,686,17,1,43,Publisher-Backed,1,2018
False,19.99,False,0,True,False,True,82.0,7392,6875,726,1080,0,654,199,0,1,40,Publisher-Backed,1,2021
False,0.49,False,51,True,False,False,,165,205,112,282,0,307,0,0,0,13,Self-Published,1,2018
False,29.99,False,0,True,True,True,72.0,21530,24491,3224,470,0,221,105,0,2,62,Publisher-Backed,1,2018
False,4.99,False,0,True,False,False,,114,98,64,347,0,331,5,0,0,13,Self-Published,1,2017
False,0.99,False,90,True,False,False,72.0,747,588,209,111,0,42,2,0,0,0,Self-Published,1,2018
False,6.99,False,0,True,True,False,,0,2,3,0,0,0,0,0,0,0,Publisher-Backed,1,2018
False,19.99,False,0,True,False,True,,2847,2347,996,360,0,257,8,0,0,0,Publisher-Backed,1,2018
False,4.99,False,75,True,False,False,,4895,3058,3083,1937,0,855,60,0,0,42,Publisher-Backed,1,2018
False,3.99,False,80,True,False,False,77.0,9477,7566,2514,596,239,205,251,0,2,90,Publisher-Backed,1,2018
False,9.99,False,0,True,False,False,,8285,8332,1879,147,0,73,4,0,2,24,Publisher-Backed,1,2018
False,0.99,False,0,True,True,True,,109,120,42,304,0,333,1,0,0,25,Publisher-Backed,1,2018
False,17.99,False,0,True,True,True,71.0,14256,14481,1569,812,0,314,45,0,5,37,Publisher-Backed,1,2018
False,7.49,False,50,True,True,True,81.0,120556,152150,12756,4179,171,1031,894,0,1,51,Self-Published,1,2018
False,13.99,False,0,True,False,False,,5108,4543,689,576,0,93,28,0,3,51,Self-Published,1,2018
False,4.99,False,0,True,True,True,80.0,1620,1855,256,79,0,27,3,0,0,38,Publisher-Backed,1,2018
False,39.99,False,0,True,False,False,,9137,10363,664,3927,881,379,221,0,1,48,Publisher-Backed,1,2018
False,19.99,False,0,True,True,True,74.0,1787,2054,277,298,0,264,10,0,0,39,Self-Published,1,2018
False,0.99,False,0,True,False,False,,0,131,136,248,0,219,0,0,0,17,Publisher-Backed,1,2018
False,14.99,False,0,True,True,True,72.0,5382,5578,509,545,1,391,21,0,1,19,Self-Published,1,2018
False,14.99,False,0,True,False,False,66.0,6456,6472,909,255,0,149,21,0,0,20,Publisher-Backed,1,2018
False,7.99,False,0,True,False,False,,1444,1637,513,102,0,42,10,0,0,92,Publisher-Backed,1,2018
False,3.24,False,75,True,True,True,,196,316,83,0,0,0,0,17,0,0,Self-Published,1,2018
False,9.99,False,0,True,True,True,74.0,2213,2819,283,930,0,211,10,0,0,48,Self-Published,1,2018
False,9.99,False,0,True,True,True,,4335,4481,339,369,0,276,1,0,0,8,Self-Published,1,2016
False,12.99,False,0,True,True,True,78.0,997,2434,435,184,0,97,2,0,1,39,Publisher-Backed,1,2018
False,14.99,False,0,True,False,False,,6171,5506,987,160,0,47,12,0,0,23,Self-Published,1,2018
False,14.99,False,0,True,True,False,60.0,1767,1756,761,222,0,190,6,0,4,24,Publisher-Backed,1,2018
False,9.99,False,0,True,True,False,76.0,2781,3453,517,94,0,84,1,0,1,13,Self-Published,1,2017
False,0.49,False,90,True,True,True,,237,513,272,247,0,244,0,0,0,32,Publisher-Backed,1,2018
False,2.99,False,80,True,True,False,77.0,1362,1721,119,307,0,308,4,0,1,25,Publisher-Backed,1,2018
False,14.99,False,0,True,False,False,,12056,10132,2214,1397,190,367,84,0,0,0,Self-Published,1,2018
False,9.99,False,0,True,False,False,,6495,6713,1495,187,0,108,29,0,2,0,Self-Published,1,2018
False,19.99,False,0,True,False,False,,5533,5184,234,339,5,206,34,0,1,27,Publisher-Backed,1,2018
False,29.99,False,0,True,False,False,,2877,2418,242,249,36,150,167,0,0,83,Publisher-Backed,1,2018
False,1.99,False,0,True,False,False,,263,227,298,207,0,216,0,0,0,0,Publisher-Backed,1,2018
False,9.99,False,50,True,False,False,,6739,5295,89,298,0,386,9,0,1,15,Self-Published,1,2024
False,9.99,False,0,True,False,False,,4116,4186,153,304,0,74,50,0,0,0,Publisher-Backed,1,2019
False,14.99,False,0,True,True,False,,332,692,425,334,0,448,0,0,6,50,Publisher-Backed,1,2018
False,24.99,False,0,True,True,False,67.0,91001,89596,5548,1417,224,467,1311,0,10,96,Publisher-Backed,1,2018
False,6.99,False,0,True,True,False,,13547,12386,392,2680,0,1154,1185,0,1,71,Self-Published,1,2018
False,19.99,False,0,True,False,False,84.0,3745,3280,544,212,0,49,5,17,0,0,Publisher-Backed,1,2018
False,14.99,False,0,True,False,True,89.0,39865,52717,3697,2289,20,1123,590,17,3,85,Publisher-Backed,1,2018
False,19.99,False,0,True,False,False,,4864,4856,1311,2101,0,414,101,0,2,52,Publisher-Backed,1,2018
False,39.99,False,0,True,True,False,,27367,16548,4311,1130,477,467,1039,0,1,0,Publisher-Backed,1,2018
False,29.99,False,0,True,False,False,,13767,15140,626,323,0,168,45,0,3,28,Publisher-Backed,1,2018
False,14.99,False,0,True,False,False,,11901,10169,1044,1127,269,708,472,0,1,141,Self-Published,1,2018
False,12.99,False,0,True,True,True,,7534,6106,922,348,0,217,30,0,1,60,Publisher-Backed,1,2018
False,14.99,False,0,True,False,False,,40247,35011,943,621,1,592,160,0,2,21,Publisher-Backed,1,2018
False,9.99,False,0,True,True,True,61.0,360,365,546,405,0,297,2,0,2,0,Publisher-Backed,1,2018
False,19.79,False,67,True,False,False,82.0,153027,134739,27846,1722,278,840,6851,17,22,50,Publisher-Backed,1,2018
False,9.89,False,67,True,False,False,,29307,25027,5995,1098,0,434,283,0,9,25,Self-Published,1,2018
False,14.99,False,0,True,True,True,,1120,1370,229,517,0,218,3,0,0,60,Publisher-Backed,1,2018
False,9.99,False,0,True,True,True,,6838,6283,865,406,0,346,22,0,1,30,Self-Published,1,2018
False,29.99,False,0,True,False,False,,9740,6840,1404,601,0,170,370,0,8,27,Publisher-Backed,1,2018
False,19.99,False,0,True,False,False,,14390,17137,2143,277,37,169,24,0,6,41,Self-Published,1,2018
False,9.99,False,0,True,True,True,71.0,1832,5068,1312,269,0,242,63,17,2,0,Publisher-Backed,1,2018
False,19.99,False,0,True,True,True,81.0,91334,81777,8661,244,0,248,81,0,1,10,Publisher-Backed,1,2018
False,5.99,False,0,True,False,False,,16025,14588,439,388,0,265,41,0,1,0,Self-Published,1,2018
False,24.99,False,0,True,False,True,84.0,12609,12978,770,367,37,221,50,0,2,30,Publisher-Backed,1,2018
False,4.99,False,0,True,False,False,34.0,3545,2355,3339,159,0,97,0,0,0,0,Publisher-Backed,1,2018
False,19.99,False,0,True,False,False,77.0,1834,1842,352,502,0,229,11,0,0,47,Self-Published,1,2018
False,29.99,False,0,True,False,False,83.0,48003,40494,2548,458,0,419,229,0,1,35,Publisher-Backed,1,2018
False,9.99,False,0,True,False,True,90.0,167960,175024,2717,382,156,175,638,0,2,15,Self-Published,1,2018
False,3.99,False,80,True,True,True,79.0,3329,4236,631,695,0,178,24,0,5,61,Self-Published,1,2018
False,29.99,False,0,True,False,False,75.0,13244,11754,8141,382,0,178,18,17,7,56,Publisher-Backed,1,2018
False,19.99,False,0,True,False,False,80.0,8495,8694,1269,388,0,223,42,18,0,50,Publisher-Backed,1,2018
False,4.99,False,80,True,False,False,80.0,2554,1995,758,128,0,116,58,0,3,40,Publisher-Backed,1,2018
False,4.99,False,0,True,False,False,,16747,9206,227,776,1,554,731,0,0,13,Self-Published,1,2018
False,2.99,False,85,True,False,False,,2128,1507,694,641,0,738,4,0,0,16,Self-Published,1,2018
False,9.99,False,0,True,False,False,88.0,13480,15867,1069,426,369,137,87,17,0,0,Publisher-Backed,1,2010
False,39.99,False,0,True,False,False,93.0,8164,7528,404,711,26,317,99,0,2,43,Publisher-Backed,1,2018
False,24.99,False,0,True,False,False,76.0,993,1396,259,200,0,212,3,0,4,29,Publisher-Backed,1,2018
False,26.99,False,10,True,False,False,,16119,11979,2887,4538,1210,1521,2760,0,3,120,Publisher-Backed,1,2018
False,29.99,False,0,True,False,False,,29727,21567,451,1184,481,801,596,0,2,80,Publisher-Backed,1,2018
False,14.99,False,0,True,False,False,83.0,12837,17917,1371,549,0,261,34,0,4,27,Self-Published,1,2018
False,12.99,False,0,True,True,False,89.0,23225,22907,523,327,0,332,34,0,1,34,Self-Published,1,2018
False,4.99,False,0,True,False,False,,7678,7272,505,187,0,98,58,17,0,10,Publisher-Backed,1,2018
False,2.24,False,85,True,True,True,86.0,28000,35661,1731,335,36,187,15,0,1,24,Self-Published,1,2018
False,29.99,False,0,True,True,True,91.0,11405,9912,498,4558,2,314,425,0,2,150,Publisher-Backed,1,2018
False,9.99,False,0,True,False,False,86.0,13501,14550,884,2438,1,137,129,16,0,0,Publisher-Backed,1,2018
False,19.99,False,0,True,True,True,82.0,1561,1909,185,513,0,510,0,0,1,0,Publisher-Backed,1,2018
False,19.99,False,0,True,False,False,72.0,6572,7621,2438,271,158,104,24,17,0,0,Self-Published,1,2018
False,11.24,False,75,True,True,False,93.0,176825,182166,7958,4374,227,1794,3510,0,3,97,Self-Published,1,2018
False,29.99,False,0,True,False,False,89.0,111051,140260,5873,1453,154,568,2248,17,32,55,Self-Published,1,2018
False,29.99,False,0,True,False,False,88.0,313996,434239,59151,8549,551,2552,11923,0,200,100,Self-Published,1,2018
False,6.74,False,55,True,False,False,72.0,10094,11414,692,1024,0,310,20,0,21,45,Publisher-Backed,1,2018
False,14.99,False,0,True,True,True,83.0,3760,7728,800,1111,0,123,6,0,1,13,Publisher-Backed,1,2018
False,4.99,False,0,True,True,True,63.0,3759,5630,821,300,0,308,10,0,0,0,Self-Published,1,2018
False,6.99,False,0,True,False,False,90.0,13409,13801,751,487,0,69,48,17,0,0,Publisher-Backed,1,2018
False,8.99,False,0,True,True,True,,1342,1347,380,602,0,424,157,0,0,0,Publisher-Backed,1,2018
False,3.99,False,80,True,True,True,77.0,1307,4610,674,195,0,85,4,0,1,23,Self-Published,1,2018
False,9.99,False,0,True,False,False,78.0,46065,50396,2891,670,0,174,323,0,0,0,Publisher-Backed,1,2018
False,3.99,False,0,True,False,False,,353,252,519,227,0,211,0,0,0,0,Publisher-Backed,1,2018
False,39.99,False,0,True,False,False,80.0,9257,6276,767,728,5,277,528,0,2,98,Publisher-Backed,1,2018
False,9.99,False,0,True,True,False,,384,335,100,1,0,1,5,0,0,0,Publisher-Backed,1,2018
False,2.99,False,0,True,True,True,,7907,8617,270,145,0,131,1,0,0,1,Self-Published,1,2018
False,19.99,False,0,True,True,True,75.0,6597,7065,1324,809,0,296,128,0,8,100,Publisher-Backed,1,2018
False,24.99,False,0,True,True,True,88.0,14017,13143,1326,1506,0,462,167,0,0,39,Self-Published,1,2018
False,19.99,False,0,True,True,True,81.0,10147,10468,971,1290,0,462,166,0,2,41,Publisher-Backed,1,2018
False,14.99,False,0,True,False,False,,9501,8474,237,670,44,279,140,0,2,54,Self-Published,1,2024
False,14.99,False,0,True,False,False,87.0,5019,6929,440,142,0,88,6,0,0,10,Publisher-Backed,1,2013
False,6.99,False,0,True,False,False,80.0,2152,1322,969,168,0,13,3,17,0,0,Publisher-Backed,1,2018
False,11.99,False,0,True,True,True,83.0,12916,11782,2596,224,0,182,9,0,1,8,Publisher-Backed,1,2018
False,8.99,False,70,True,False,False,91.0,31861,29837,1575,1716,0,566,958,0,3,80,Publisher-Backed,1,2018
False,1.99,False,80,True,False,False,81.0,1695,1802,209,1286,0,282,72,0,0,0,Publisher-Backed,1,2018
False,14.99,False,0,True,True,False,,6673,4155,268,1209,424,683,507,0,0,0,Self-Published,1,2018
False,17.99,False,0,True,True,False,,12811,13393,592,1061,0,530,204,0,1,40,Publisher-Backed,1,2018
False,2.99,False,0,True,True,True,,2713,2701,374,332,0,383,0,0,1,36,Self-Published,1,2018
False,14.99,False,0,True,True,True,74.0,86427,114570,10301,2299,212,253,154,0,0,100,Self-Published,1,2018
False,7.99,False,0,True,False,False,,5031,4141,536,1535,0,412,1120,0,0,8,Self-Published,1,2018
False,2.49,False,75,True,False,False,80.0,1730,620,1064,45,0,11,9,17,0,0,Publisher-Backed,1,2018
False,17.99,False,0,True,True,False,,4162,3723,541,926,0,617,13,0,1,20,Self-Published,1,2018
False,19.99,False,0,True,False,False,76.0,8593,6633,2218,454,0,203,42,10,1,0,Publisher-Backed,1,2018
False,9.99,False,0,True,True,True,64.0,2210,2030,851,206,0,142,2,16,0,35,Publisher-Backed,1,2018
False,24.49,False,30,True,False,False,,10050,6737,417,3283,26,1727,4404,0,3,0,Self-Published,1,2022
False,9.99,False,0,True,False,False,62.0,9985,11222,4206,354,0,172,27,0,2,165,Self-Published,1,2018
False,9.99,False,0,True,True,False,81.0,11105,12746,524,771,0,139,138,0,0,0,Publisher-Backed,1,2018
False,5.99,False,0,True,False,True,,0,62,18,0,0,0,0,0,0,0,Self-Published,1,2018
False,39.99,False,0,True,False,False,,29046,36999,2486,1394,0,765,158,0,6,57,Publisher-Backed,1,2018
False,12.49,False,50,True,False,False,77.0,2135,2496,144,167,0,171,5,0,0,11,Self-Published,1,2018
False,11.99,False,0,True,False,False,,33799,29090,1067,563,0,261,277,0,0,20,Self-Published,1,2018
False,14.99,False,0,True,False,False,,121,777,253,213,0,228,1,0,1,12,Publisher-Backed,1,2018
False,12.99,False,0,True,False,False,,0,8,0,0,0,0,0,0,0,64,Self-Published,1,2018
False,19.99,False,0,True,False,False,78.0,2895,3417,452,332,0,161,22,0,0,0,Publisher-Backed,1,2018
False,4.99,False,0,True,True,True,88.0,1263,1152,674,41,0,51,0,0,0,0,Self-Published,1,2018
False,3.99,False,0,True,True,False,,5523,5245,132,119,0,200,7,0,1,21,Publisher-Backed,1,2018
False,9.99,False,0,True,False,False,70.0,2940,2696,219,3472,0,322,269,0,0,0,Publisher-Backed,1,2018
False,6.99,False,0,True,False,False,,0,10,5,0,0,0,0,0,0,0,Publisher-Backed,1,2018
False,39.99,False,0,True,False,False,85.0,46033,36697,2819,1517,474,660,1604,0,1,63,Publisher-Backed,1,2018
False,8.99,False,0,True,True,True,,352,890,412,258,0,280,4,0,0,0,Publisher-Backed,1,2018
False,9.99,False,0,True,False,False,77.0,5313,5841,736,1135,0,368,44,0,0,0,Publisher-Backed,1,2018
False,16.99,False,0,True,False,False,81.0,13088,13706,1469,936,0,138,61,0,1,12,Publisher-Backed,1,2018
False,3.99,False,80,True,False,False,91.0,53627,65947,2689,1013,0,541,655,0,0,64,Publisher-Backed,1,2018
False,0.99,False,0,True,False,False,,0,166,75,252,0,243,0,0,1,0,Publisher-Backed,1,2018
False,7.99,False,60,True,True,True,,51993,51267,9003,492,95,187,376,0,1,19,Publisher-Backed,1,2018
False,19.99,False,0,True,False,False,73.0,13464,12760,1751,306,0,142,15,0,3,79,Publisher-Backed,1,2018
False,6.99,False,0,True,False,False,,1168,1026,329,278,0,286,9,0,0,25,Publisher-Backed,1,2018
False,14.99,False,50,True,False,False,,7495,5595,1323,2629,0,1094,215,0,4,20,Self-Published,1,2018
False,3.99,False,20,True,False,False,,1517,1745,314,663,156,611,29,0,1,116,Self-Published,1,2018
False,19.99,False,0,True,True,False,,3525,2825,178,984,0,1414,59,0,6,46,Publisher-Backed,1,2018
False,2.99,False,0,True,True,True,,24378,21939,622,494,3,284,100,0,1,35,Self-Published,1,2018
False,24.99,False,0,True,False,False,,3156,2782,591,1292,0,1337,10,0,2,32,Self-Published,1,2018
False,10.99,False,0,True,True,False,84.0,24837,24297,2629,725,0,159,26,0,2,34,Publisher-Backed,1,2018
False,1.99,False,0,True,True,True,64.0,3223,3370,332,165,0,107,2,0,0,18,Publisher-Backed,1,2018
False,23.99,False,60,True,False,False,81.0,22941,18936,14310,2601,547,1096,2183,18,5,24,Self-Published,1,2018
False,34.99,False,0,True,False,False,,8471,5949,3535,892,0,1092,4,0,3,44,Publisher-Backed,1,2018
False,34.99,False,0,True,False,False,,51346,34070,13002,3002,1383,986,1492,0,20,170,Self-Published,1,2018
False,19.96,False,0,True,False,False,79.0,20777,19660,1758,316,0,265,144,0,3,12,Publisher-Backed,1,2018
False,7.49,False,75,True,False,False,,10764,12067,2016,701,378,485,161,0,3,38,Self-Published,1,2018
False,19.99,False,0,True,False,False,52.0,1417,2334,1121,91,0,48,1,17,0,49,Self-Published,1,2018
False,19.99,False,0,True,True,True,81.0,1497,5956,1168,267,0,102,26,0,9,59,Publisher-Backed,1,2018
False,5.99,False,0,True,True,False,83.0,1488,1787,102,120,0,163,1,0,0,13,Self-Published,1,2018
False,1.99,False,0,True,False,False,,155,117,240,208,0,218,0,0,0,16,Publisher-Backed,1,2018
False,1.99,False,0,True,False,False,,0,103,82,220,0,211,0,0,0,0,Publisher-Backed,1,2018
False,24.99,False,0,True,True,True,81.0,3175,3346,812,255,0,154,4,0,0,24,Self-Published,1,2018
False,5.99,False,0,True,True,True,,4987,5049,917,979,0,415,12,0,1,35,Self-Published,1,2018
False,4.99,False,0,True,False,False,,6658,3981,1561,5733,957,341,2384,0,0,12,Self-Published,1,2018
False,19.99,False,0,True,True,True,73.0,3718,3400,481,763,576,673,54,0,0,102,Publisher-Backed,1,2018
False,4.94,False,67,True,True,False,,3639,2900,637,551,0,253,16,0,2,51,Publisher-Backed,1,2018
False,19.99,False,0,True,False,False,,71952,80515,7987,1304,0,491,384,0,6,53,Publisher-Backed,1,2018
False,4.99,False,0,True,False,False,,123,93,19,41,0,41,2,0,0,0,Publisher-Backed,1,2018
False,4.99,False,0,True,False,False,,653,509,282,118,0,104,1,0,0,0,Self-Published,1,2009
False,13.99,False,0,True,False,False,,24930,19544,414,1699,67,951,1616,0,0,0,Self-Published,1,2018
False,6.99,False,0,True,True,True,,241,445,202,628,0,269,33,0,1,0,Publisher-Backed,1,2018
False,19.99,False,0,True,True,False,,3121,3235,377,208,0,66,30,0,2,56,Self-Published,1,2018
False,14.99,False,0,True,False,False,,394,402,98,170,0,326,0,0,2,179,Publisher-Backed,1,2018
False,9.99,False,0,True,False,False,74.0,2338,2335,321,490,0,152,118,0,0,0,Publisher-Backed,1,2018
False,19.99,False,0,True,False,False,,3921,3797,234,2772,0,1795,46,0,0,42,Publisher-Backed,1,2018
False,24.99,False,0,True,False,False,,49892,50767,1643,2115,59,975,2547,0,17,100,Publisher-Backed,1,2018
False,19.99,False,0,True,False,False,82.0,7800,7790,829,1041,0,685,40,0,1,89,Publisher-Backed,1,2018
False,19.99,False,0,True,True,True,74.0,2067,1953,224,459,0,415,1,0,2,48,Self-Published,1,2018
False,19.99,False,0,True,True,False,,295,2023,402,93,0,47,1,0,1,12,Self-Published,1,2018
False,39.99,False,0,True,False,False,92.0,45602,48252,8414,6145,383,1057,14920,0,9,43,Self-Published,1,2018
False,13.99,False,65,True,False,False,80.0,23613,23218,3065,2411,46,695,1501,0,16,60,Publisher-Backed,1,2018
False,14.99,False,0,True,True,False,84.0,81778,80404,3044,1216,0,196,67,0,1,17,Publisher-Backed,1,2018
False,19.99,False,0,True,True,False,,3639,2951,286,574,0,675,70,0,0,56,Publisher-Backed,1,2018
False,9.99,False,0,True,False,False,,5898,5561,158,194,0,50,23,0,0,21,Publisher-Backed,1,2018
False,0.99,False,80,True,False,False,,1633,1165,1113,106,0,56,0,0,1,4,Self-Published,1,2018
False,2.99,False,85,True,False,False,,4380,4058,742,395,0,42,22,0,0,0,Publisher-Backed,1,2018
False,17.99,False,0,True,False,False,,10557,6133,5557,6976,0,1108,35,0,1,29,Self-Published,1,2018
False,29.99,False,0,True,False,False,,2357,2181,341,626,0,749,6,0,2,23,Publisher-Backed,1,2018
False,24.99,False,0,True,False,False,,34140,0,0,0,0,0,0,0,16,29,Publisher-Backed,1,2018
False,9.99,False,0,True,False,False,,581,354,132,0,0,0,2,0,0,24,Publisher-Backed,1,2018
False,14.99,False,0,True,True,False,83.0,65172,69672,1397,382,169,307,82,0,1,22,Publisher-Backed,1,2018
False,9.99,False,0,True,True,False,,5578,4843,728,807,0,581,123,0,3,30,Self-Published,1,2018
False,29.99,False,0,True,False,False,,12953,11619,1526,4394,0,335,298,0,0,29,Self-Published,1,2018
False,19.99,False,0,True,False,False,,6954,4592,2795,549,0,348,33,0,0,56,Publisher-Backed,1,2018
False,1.99,False,0,True,False,False,,19622,19334,620,33,0,28,3,0,0,0,Self-Published,1,2018
False,9.99,False,0,True,True,True,,2013,1990,423,861,0,192,1,0,1,64,Publisher-Backed,1,2018
False,9.99,False,0,True,False,False,89.0,56531,59622,2272,1266,191,145,774,0,0,73,Self-Published,1,2018
False,14.99,False,0,True,True,False,,5849,5047,363,1182,0,918,188,0,0,39,Publisher-Backed,1,2018
False,0.99,False,0,True,False,True,,1170,274,34,289,0,274,7,0,0,13,Self-Published,1,2018
False,24.99,False,0,True,False,False,,37769,28977,7042,987,164,475,1488,0,2,39,Publisher-Backed,1,2018
False,2.79,False,30,True,False,False,,9986,7846,548,88,0,79,46,0,0,2,Publisher-Backed,1,2018
False,19.99,False,0,True,False,False,,2035,2013,63,523,0,392,3,0,0,21,Publisher-Backed,1,2018
False,19.99,False,0,True,True,True,62.0,1022,1241,470,3977,0,239,23,17,6,60,Publisher-Backed,1,2018
False,39.99,False,0,True,False,False,74.0,209230,310162,26896,5182,512,1340,25085,17,2,75,Publisher-Backed,1,2018
False,9.99,False,0,True,False,False,85.0,2538,1856,462,263,0,26,24,17,0,0,Publisher-Backed,1,2018
False,29.99,False,0,True,False,False,,7400,6728,1458,614,0,143,49,0,3,30,Publisher-Backed,1,2018
False,14.99,False,0,True,True,False,,2661,3123,544,147,459,89,0,0,1,0,Self-Published,1,2018
False,19.99,False,0,True,False,False,88.0,24026,20484,2652,1140,0,980,169,17,0,0,Publisher-Backed,1,2018
False,8.99,False,50,True,False,False,,0,35,5,0,0,0,0,0,0,0,Publisher-Backed,1,2018
False,9.99,False,0,True,False,True,80.0,15800,20798,1891,923,9,121,238,0,0,54,Self-Published,1,2018
False,29.99,False,0,True,False,False,,8316,6022,731,403,0,410,79,0,0,35,Publisher-Backed,1,2018
False,6.99,False,65,True,False,False,,3777,3366,124,599,0,599,38,0,0,53,Self-Published,1,2018
False,0.99,False,0,True,False,False,,762,655,138,126,0,141,4,0,0,22,Publisher-Backed,1,2018
False,19.99,False,0,True,True,True,90.0,5564,5848,153,780,250,324,139,0,1,5,Self-Published,1,2018
False,29.99,False,0,True,True,True,,12034,10856,205,1661,0,472,2399,0,1,83,Publisher-Backed,1,2018
False,9.99,False,0,True,False,False,,0,7,3,0,0,0,0,0,0,0,Publisher-Backed,1,2018
False,24.99,False,0,True,False,False,75.0,17633,18028,1189,3015,284,600,96,0,2,40,Publisher-Backed,1,2018
False,4.99,False,0,True,False,False,,231,2557,879,202,0,243,1,0,1,5,Self-Published,1,2014
False,2.99,False,90,True,True,True,,3332,5613,931,470,0,183,31,0,0,105,Self-Published,1,2018
False,29.99,False,0,True,False,False,,23041,21657,4401,1210,489,596,1663,0,20,35,Self-Published,1,2018
False,1.99,False,0,True,False,False,,101,145,159,202,0,219,3,0,0,0,Publisher-Backed,1,2016
False,2.99,False,0,True,False,False,,0,109,22,197,0,284,0,0,0,23,Self-Published,1,2018
False,12.99,False,35,True,False,False,,191359,121020,106084,4436,799,2512,4116,0,4,169,Publisher-Backed,1,2023
False,19.99,False,0,True,False,False,,64727,65599,1094,663,0,215,367,0,1,74,Self-Published,1,2018
False,4.99,False,0,True,True,True,81.0,5257,5576,401,183,0,146,10,0,0,21,Self-Published,1,2017
False,24.99,False,0,True,False,False,,0,10,8,0,0,0,0,0,0,52,Self-Published,1,2018
False,29.99,False,0,True,False,False,81.0,2666,3548,1224,305,0,151,22,0,13,54,Publisher-Backed,1,2018
False,0.99,False,80,True,False,False,,0,2,1,0,0,0,0,0,0,0,Self-Published,1,2018
False,19.99,False,0,True,True,True,75.0,2684,2839,337,247,0,165,10,0,1,17,Self-Published,1,2013
False,12.49,False,50,True,True,False,82.0,14246,13339,2501,688,6,403,48,0,3,30,Publisher-Backed,1,2018
False,29.99,False,0,True,False,False,81.0,29904,34031,4586,1248,151,433,328,0,14,20,Publisher-Backed,1,2018
False,0.99,False,0,True,True,True,,8390,10572,764,212,0,153,7,0,0,20,Publisher-Backed,1,2018
False,6.99,False,0,True,False,False,86.0,3723,3217,724,323,0,157,32,0,0,0,Publisher-Backed,1,2018
False,9.59,False,84,True,False,False,85.0,53918,65978,6998,3654,614,477,511,0,29,35,Publisher-Backed,1,2018
False,14.99,False,0,True,False,False,,3667,3421,606,927,0,505,22,0,0,59,Publisher-Backed,1,2022
False,15.99,False,0,True,False,False,,17175,11430,954,1139,0,279,25,0,0,3,Self-Published,1,2018
False,9.99,False,0,True,False,False,,139,312,240,272,0,212,0,0,0,0,Publisher-Backed,1,2018
False,19.99,False,0,True,False,False,90.0,26342,26797,2156,538,0,193,109,17,0,50,Publisher-Backed,1,2018
False,39.99,False,0,True,False,False,,2643,2630,944,409,0,362,29,17,2,50,Publisher-Backed,1,2018
False,1.99,False,0,True,False,False,,111578,28726,87986,442,0,142,11,0,11,1,Publisher-Backed,1,2018
False,6.99,False,0,True,False,False,71.0,363,337,180,111,0,219,7,0,0,0,Publisher-Backed,1,2018
False,19.99,False,0,True,False,False,67.0,2662,2314,940,142,0,73,2,0,0,23,Publisher-Backed,1,2018
False,39.99,False,0,True,True,False,80.0,17047,18526,3664,2194,0,494,359,0,21,115,Self-Published,1,2017
False,1.99,False,0,True,False,False,,2669,2582,718,103,0,67,4,0,0,18,Self-Published,1,2018
False,19.99,False,0,True,False,False,,15558,14293,1372,387,0,187,31,0,0,25,Self-Published,1,2018
False,24.99,False,0,True,True,True,87.0,369315,435687,21945,2154,297,1073,4953,17,41,78,Self-Published,1,2018
False,19.99,False,0,True,False,False,85.0,18491,17444,1224,439,0,377,54,0,2,24,Publisher-Backed,1,2018
False,19.99,False,0,True,True,False,68.0,616,1126,167,193,0,139,0,0,0,0,Self-Published,1,2014
False,24.99,False,0,True,False,False,,4662,3661,1022,1300,0,624,45,0,2,100,Publisher-Backed,1,2018
False,9.99,False,0,True,False,False,63.0,720,731,441,278,0,323,1,0,5,27,Publisher-Backed,1,2018
False,19.99,False,0,True,False,False,78.0,34772,36751,4130,1845,0,976,235,0,0,103,Publisher-Backed,1,2018
False,2.99,False,0,True,False,False,67.0,0,188,156,319,0,230,0,0,0,0,Publisher-Backed,1,2018
False,24.99,False,0,True,False,False,,1128,1032,177,138,0,254,3,0,9,40,Publisher-Backed,1,2018
False,1.99,False,0,True,True,False,,73591,80419,2554,461,0,303,106,0,7,114,Publisher-Backed,1,2018
False,9.99,False,0,True,False,False,,8570,7220,2671,123,0,86,8,0,0,15,Self-Published,1,2018
False,14.99,False,0,True,True,True,90.0,2739,3003,203,283,0,167,10,0,0,33,Self-Published,1,2018
False,11.99,False,0,True,True,True,84.0,3420,3657,525,358,0,52,8,0,0,22,Self-Published,1,2018
False,19.99,False,0,True,True,False,,2780,2471,414,2843,0,927,27,0,0,140,Publisher-Backed,1,2018
False,39.99,False,0,True,False,False,91.0,31969,39201,5123,4512,0,3000,197,0,4,38,Publisher-Backed,1,2018
False,19.99,False,0,True,True,True,81.0,11328,12504,1132,3367,0,803,373,0,5,73,Publisher-Backed,1,2018
False,19.99,False,0,True,True,False,89.0,30738,28093,923,497,41,463,166,0,1,16,Publisher-Backed,1,2018
False,2.99,False,0,True,False,False,,1465,1491,85,368,0,311,6,0,0,0,Self-Published,1,2018
False,29.99,False,0,True,False,False,,22432,16402,3219,421,11,132,127,0,1,17,Publisher-Backed,1,2018
False,9.99,False,0,True,True,True,,8524,8123,209,118,0,123,6,0,2,48,Self-Published,1,2018
False,24.99,False,0,True,False,False,83.0,8689,7652,2597,232,161,133,30,0,0,26,Self-Published,1,2017
False,29.99,False,0,True,False,False,,162663,38595,17286,2298,765,465,39502,17,0,77,Publisher-Backed,1,2018
False,4.99,False,0,True,False,False,82.0,907,934,250,499,0,299,0,0,0,51,Self-Published,1,2018
False,14.99,False,0,True,True,False,,9386,7859,1993,1815,11,1194,193,0,0,30,Self-Published,1,2018
False,39.99,False,0,True,False,False,66.0,13028,12840,6587,383,0,134,37,0,2,46,Publisher-Backed,1,2021
False,1.24,False,75,True,False,True,,0,24,4,0,0,0,0,0,0,8,Self-Published,1,2018
False,8.99,False,0,True,False,False,,20350,13136,1368,6585,249,6483,509,0,0,0,Publisher-Backed,1,2018
False,4.99,False,0,True,True,False,,3380,3972,418,265,0,272,5,0,0,24,Publisher-Backed,1,2018
False,29.99,False,0,True,False,False,77.0,1834,1499,532,421,0,164,32,0,4,43,Publisher-Backed,1,2018
False,29.99,False,0,True,True,False,82.0,14332,15589,3042,1196,0,423,173,0,13,139,Self-Published,1,2018
False,24.99,False,0,True,False,False,,3725,3298,571,328,0,125,10,0,0,16,Self-Published,1,2018
False,19.99,False,0,True,False,False,,14977,12725,1227,1308,48,551,260,0,12,104,Publisher-Backed,1,2018
False,4.99,False,80,True,True,False,,2519,2072,1021,340,0,426,2,0,2,26,Publisher-Backed,1,2018
False,4.49,False,85,True,False,False,75.0,11492,10945,4123,766,0,167,93,0,2,25,Publisher-Backed,1,2018
False,1.99,False,0,True,True,False,,31692,31465,2425,105,0,84,92,0,3,20,Self-Published,1,2018
False,29.99,False,0,True,False,False,70.0,405,344,215,921,0,1734,1,17,2,52,Publisher-Backed,1,2018
False,3.99,False,0,True,True,False,,1349,820,686,841,757,314,1,0,0,30,Publisher-Backed,1,2018
False,9.99,False,0,True,True,False,77.0,2574,2301,950,397,4,188,73,0,0,0,Publisher-Backed,1,2007
False,0.99,False,0,True,False,False,,0,163,142,337,0,211,0,0,0,4,Self-Published,1,2018
False,19.99,False,0,True,False,False,,4284,4555,448,314,0,193,44,0,0,11,Self-Published,1,2018
False,3.59,False,82,True,True,False,,4678,3953,938,474,0,166,41,0,3,103,Publisher-Backed,1,2018
False,29.99,False,0,True,True,True,85.0,216382,256362,19408,3281,348,763,8842,0,76,135,Publisher-Backed,1,2018
False,6.99,False,0,True,False,False,,34641,22235,2653,1674,174,168,5667,0,0,0,Self-Published,1,2018
False,7.99,False,0,True,False,False,,3054,3139,421,112,0,77,10,0,1,15,Publisher-Backed,1,2018
False,9.99,False,0,True,False,False,,301533,179154,6488,1157,254,616,32349,0,0,0,Self-Published,1,2018
False,24.99,False,0,True,False,False,,1924,1871,197,366,0,141,15,0,0,40,Publisher-Backed,1,2018
False,24.99,False,0,True,False,True,,3777,3873,411,295,0,143,55,0,3,20,Self-Published,1,2018
False,34.99,False,50,True,False,False,,11585,4749,5236,1441,49,1439,506,0,37,57,Publisher-Backed,1,2018
False,1.99,False,0,True,False,False,,0,27,2,0,0,0,0,0,0,20,Publisher-Backed,1,2018
False,1.99,False,80,True,False,False,89.0,4828,3844,637,103,0,61,26,0,0,0,Publisher-Backed,1,2018
False,29.99,False,0,True,False,False,,8815,10010,827,329,1,224,22,0,1,40,Publisher-Backed,1,2018
False,9.99,False,0,True,False,False,,4878,7496,353,139,0,99,15,0,8,12,Publisher-Backed,1,2018
False,14.99,False,0,True,True,False,,7366,6752,354,142,0,128,29,0,0,14,Self-Published,1,2018
False,4.99,False,75,True,False,False,89.0,44677,43128,1925,165,0,135,70,0,1,9,Publisher-Backed,1,2018
False,13.99,False,0,True,False,False,,4139,3453,640,17342,0,22453,349,0,3,13,Self-Published,1,2018
False,0.99,False,0,True,False,False,,0,2,2,0,0,0,0,0,0,0,Self-Published,1,2018
False,29.99,False,0,True,False,False,,6108,6306,821,393,0,391,22,0,2,29,Publisher-Backed,1,2018
False,0.49,False,90,True,False,False,,709,430,526,235,0,223,0,0,0,0,Publisher-Backed,1,2018
False,19.99,False,0,True,False,False,,82153,83095,1993,4902,692,922,2703,0,2,128,Publisher-Backed,1,2018
False,34.99,False,0,True,False,False,,32873,26514,1602,1737,37,1629,3605,0,0,0,Self-Published,1,2018
False,29.99,False,0,True,False,False,89.0,10884,8994,1049,1496,26,312,71,0,0,42,Publisher-Backed,1,2018
False,14.99,False,0,True,True,False,,372,656,141,287,0,293,1,0,2,59,Publisher-Backed,1,2018
False,9.99,False,0,True,True,True,77.0,6413,6123,555,322,0,141,40,0,1,26,Publisher-Backed,1,2018
False,29.99,False,0,True,False,False,75.0,87196,111325,15541,3591,715,561,4508,17,5,307,Self-Published,1,2018
False,9.99,False,0,True,False,False,,4245,13303,2074,314,0,57,297,0,0,58,Publisher-Backed,1,2018
False,6.29,False,30,True,False,False,,0,5,8,0,0,0,0,0,0,8,Self-Published,1,2018
False,1.49,False,90,True,False,False,,1376,1434,337,1220,0,70,5,0,0,22,Self-Published,1,2018
False,14.99,False,0,True,False,False,,2004,1426,635,354,0,148,53,0,0,0,Self-Published,1,2018
False,29.99,False,0,True,False,False,,17975,15108,4313,772,353,479,318,0,20,20,Publisher-Backed,1,2018
False,0.49,False,51,True,True,True,,7061,7009,884,1078,0,112,143,0,0,100,Publisher-Backed,1,2019
False,29.99,False,0,True,False,False,77.0,45531,41508,7257,3496,24,1084,2751,0,1,34,Self-Published,1,2018
False,14.99,False,0,True,True,False,,4434,4341,614,42,0,30,37,0,0,0,Publisher-Backed,1,2018
False,1.99,False,0,True,False,False,,129,161,180,203,0,211,1,0,0,8,Publisher-Backed,1,2018
False,14.99,False,0,True,True,False,,10385,12719,1770,84,0,47,20,0,0,14,Publisher-Backed,1,2018
False,24.99,False,0,True,False,False,67.0,2459,2628,386,2799,0,709,10,0,17,35,Self-Published,1,2018
False,9.99,False,0,True,True,True,75.0,4802,4576,1263,223,294,96,4,0,1,123,Self-Published,1,2013
False,9.99,False,0,True,False,False,,425,253,47,135,31,115,3,0,1,30,Publisher-Backed,1,2018
False,19.99,False,0,True,True,True,,2290,2609,238,358,0,400,7,0,4,165,Self-Published,1,2018
False,19.99,False,0,True,True,False,,2252,2231,253,116,0,114,3,0,0,28,Self-Published,1,2015
False,14.99,False,0,True,True,True,70.0,10622,8888,1887,1480,0,500,75,0,1,36,Self-Published,1,2018
False,19.99,False,0,True,False,False,,10045,11971,746,872,0,307,66,0,1,27,Publisher-Backed,1,2018
False,39.99,False,0,True,False,False,,190065,166775,26046,2166,311,507,6308,17,7,50,Publisher-Backed,1,2018
False,13.99,False,30,True,True,True,84.0,2365,2168,522,268,0,208,11,0,0,3,Self-Published,1,2018
False,19.99,False,0,True,False,False,,8246,6192,2531,15372,65,815,1143,0,24,0,Self-Published,1,2018
False,19.99,False,0,True,False,False,86.0,30713,28544,4366,3174,1073,786,1264,0,19,0,Publisher-Backed,1,2018
False,14.99,False,0,True,False,False,,7374,7203,795,691,0,460,114,0,2,70,Publisher-Backed,1,2018
False,39.99,False,0,True,True,True,88.0,110230,121084,6078,3574,440,564,1844,0,2,0,Publisher-Backed,1,2018
False,1.99,False,0,True,False,False,,0,68,152,203,0,245,24,0,0,0,Publisher-Backed,1,2018
False,14.99,False,0,True,True,True,69.0,405,999,114,486,0,90,1,0,0,30,Self-Published,1,2018
False,19.99,False,0,True,False,False,,7094,6231,308,622,128,264,39,0,0,0,Publisher-Backed,1,2018
False,19.99,False,0,True,True,False,,6373,5619,821,350,0,220,28,0,2,6,Self-Published,1,2018
False,9.99,False,0,True,False,False,,841,967,306,354,0,53,6,17,0,0,Self-Published,1,2018
False,24.99,False,0,True,True,True,79.0,44576,54016,11428,1736,0,250,32,0,2,49,Self-Published,1,2018
False,3.49,False,30,True,True,True,,105571,94525,3276,2550,893,1002,6389,0,3,177,Self-Published,1,2018
False,1.99,False,0,True,False,False,,267,192,128,195,0,227,0,0,0,25,Publisher-Backed,1,2018
False,9.99,False,0,True,True,True,,2590,2277,180,390,0,261,29,0,1,30,Self-Published,1,2018
False,2.99,False,0,True,False,False,,6760,0,0,497,16,434,109,0,0,0,Publisher-Backed,1,2018
False,19.99,False,0,True,True,True,72.0,1175,1432,1051,128,0,60,11,0,12,51,Publisher-Backed,1,2018
False,19.99,False,0,True,False,False,,6422,4096,828,521,0,496,119,0,0,26,Self-Published,1,2018
False,7.99,False,0,True,False,False,,1272,8751,9229,114,0,41,8,0,0,0,Self-Published,1,2018
False,12.99,False,0,True,False,False,80.0,2173,3298,260,491,0,442,4,0,0,84,Self-Published,1,2018
False,11.99,False,70,True,False,False,,6526,5073,2277,313,0,176,5,0,8,27,Publisher-Backed,1,2018
False,29.99,False,0,True,False,False,,6608,6128,721,878,14,148,252,0,0,284,Publisher-Backed,1,2018
False,29.99,False,0,True,False,False,83.0,3575,3780,236,154,0,130,11,0,2,25,Self-Published,1,2018
False,2.99,False,0,True,False,False,,2774,3446,625,225,0,186,9,0,0,0,Publisher-Backed,1,2018
False,11.99,False,0,True,False,False,,21725,7347,853,670,401,526,1870,0,0,21,Publisher-Backed,1,2018
False,29.99,False,0,True,True,True,80.0,6993,10093,2485,553,0,124,163,0,3,74,Publisher-Backed,1,2018
False,9.99,False,0,True,False,False,,1219,939,351,219,0,131,3,0,0,0,Publisher-Backed,1,2018
False,14.99,False,0,True,False,False,79.0,6786,6756,390,487,44,484,21,0,1,70,Self-Published,1,2018
False,9.99,False,0,True,True,True,74.0,3416,3747,557,117,0,111,1,0,0,20,Publisher-Backed,1,2018
False,29.99,False,0,True,False,False,76.0,5637,5422,795,638,0,225,72,0,1,51,Publisher-Backed,1,2018
False,19.99,False,0,True,False,False,84.0,3095,4640,184,237,0,142,4,0,0,31,Publisher-Backed,1,2018
False,4.99,False,0,True,False,False,,20543,19460,468,235,0,191,30,0,0,7,Self-Published,1,2018
False,19.99,False,0,True,False,False,74.0,6961,5662,2399,1527,52,488,112,0,6,109,Publisher-Backed,1,2018
False,4.99,False,0,True,False,False,,290,423,716,291,331,286,2861,0,0,5,Publisher-Backed,1,2018
False,19.99,False,0,True,True,True,88.0,21667,22830,639,350,71,218,36,0,3,30,Publisher-Backed,1,2018
False,1.99,False,0,True,False,False,,855,824,165,36715,0,189,0,0,0,9,Publisher-Backed,1,2016
False,19.99,False,0,True,False,False,85.0,6544,6709,448,161,20,125,9,0,4,43,Publisher-Backed,1,2018
False,14.99,False,0,True,True,True,70.0,19609,18502,514,415,0,443,80,13,2,18,Self-Published,1,2018
False,39.99,False,0,True,False,False,,15122,7712,3306,374,35,235,179,0,0,0,Publisher-Backed,1,2018
False,9.99,False,50,True,False,False,,1732,947,992,463,0,64,4,0,1,0,Publisher-Backed,1,2018
False,0.99,False,0,True,True,False,,0,576,349,177,0,207,6,0,0,39,Publisher-Backed,1,2018
False,14.99,False,0,True,False,False,74.0,8542,7597,1225,292,8,188,300,0,0,15,Publisher-Backed,1,2018
False,9.99,False,0,True,False,False,,435,2260,1122,274,0,74,16,0,0,30,Publisher-Backed,1,2018
False,4.99,False,0,True,True,False,63.0,589,937,146,164,0,220,0,0,0,52,Self-Published,1,2018
False,1.49,False,75,True,True,False,,14257,13301,936,74,0,63,10,0,1,12,Publisher-Backed,1,2018
False,19.99,False,0,True,False,False,,18402,18742,3006,765,877,421,266,0,0,21,Self-Published,1,2018
False,4.99,False,75,True,True,True,80.0,68233,86713,23112,2205,438,273,2330,17,5,452,Self-Published,1,2018
False,39.99,False,0,True,False,False,,2727,2465,882,614,0,427,25,0,0,51,Publisher-Backed,1,2019
False,1.99,False,80,True,False,False,,2173,1574,648,234,26,336,117,0,0,0,Publisher-Backed,1,2018
False,1.99,False,0,True,False,False,,742,393,575,203,0,210,0,0,0,0,Publisher-Backed,1,2018
False,29.99,False,0,True,False,False,78.0,23934,23758,3472,559,0,241,61,17,4,64,Publisher-Backed,1,2018
False,19.99,False,0,True,False,False,76.0,24821,34765,2863,1966,0,281,92,17,0,140,Self-Published,1,2018
False,19.99,False,0,True,False,False,79.0,12009,14520,987,2065,27,179,404,0,0,0,Publisher-Backed,1,2018
False,29.99,False,0,True,True,True,73.0,15820,24071,2080,1521,0,223,20,0,1,92,Publisher-Backed,1,2018
False,1.79,False,70,True,False,False,81.0,8506,9459,438,736,0,282,106,0,1,0,Self-Published,1,2018
False,24.99,False,0,True,False,False,,2842,2013,383,1669,0,605,329,0,1,19,Publisher-Backed,1,2018
False,12.99,False,0,True,True,False,73.0,1372,1294,467,2192,0,1878,107,0,1,37,Self-Published,1,2018
False,3.89,False,70,True,False,False,,2128,1563,873,330,0,121,2,0,1,0,Publisher-Backed,1,2018
False,2.99,False,0,True,False,False,,10518,10588,307,82,17,54,8,0,0,7,Self-Published,1,2018
False,4.99,False,0,True,False,False,,1610,850,1291,139,0,126,7,0,0,0,Publisher-Backed,1,2018
False,5.99,False,0,True,True,False,,2651,2815,555,96,0,57,0,0,0,11,Publisher-Backed,1,2018
False,1.99,False,0,True,False,False,,0,599,283,268,0,275,0,0,0,0,Self-Published,1,2018
False,4.99,False,0,True,False,False,,952,909,117,196,0,5,25,0,0,0,Publisher-Backed,1,2018
False,19.99,False,0,True,False,False,,3497,3058,437,345,0,200,45,0,4,125,Publisher-Backed,1,2018
False,29.99,False,0,True,True,True,,2799,2630,1785,888,0,454,3,18,1,39,Publisher-Backed,1,2018
False,29.99,False,0,True,False,False,,2375,2577,259,274,0,202,6,0,0,51,Publisher-Backed,1,2018
False,14.99,False,0,True,True,True,86.0,3458,4302,135,219,0,169,16,0,0,58,Publisher-Backed,1,2018
False,29.99,False,0,True,False,False,,40653,41193,6652,1187,0,420,103,0,1,105,Publisher-Backed,1,2018
False,0.55,False,44,True,True,True,,375,1487,883,355,0,369,2,0,2,12,Publisher-Backed,1,2018
False,17.99,False,40,True,True,False,82.0,150969,152312,4295,385,88,330,498,0,1,24,Publisher-Backed,1,2018
False,1.99,False,0,True,False,False,,0,185,171,249,0,270,0,0,0,26,Self-Published,1,2018
False,24.99,False,0,True,False,False,,18166,15406,4977,695,0,394,119,0,1,50,Self-Published,1,2018
False,14.99,False,0,True,False,False,62.0,3538,4065,536,391,0,321,6,0,0,26,Self-Published,1,2018
False,9.99,False,0,True,False,True,72.0,12496,15420,5046,590,66,93,95,17,0,0,Publisher-Backed,1,2018
False,19.99,False,0,True,False,False,83.0,27140,31409,1853,2549,0,2031,470,18,6,63,Publisher-Backed,1,2018
False,4.99,False,0,True,False,False,90.0,437,292,230,36,0,40,1,0,0,0,Publisher-Backed,1,2009
False,2.39,False,80,True,True,True,,1953,3919,601,230,0,58,8,0,2,20,Publisher-Backed,1,2018
False,5.99,False,0,True,True,False,,6261,4581,496,146,6,70,110,0,6,16,Self-Published,1,2018
False,19.99,False,0,True,True,True,74.0,710,773,206,528,0,156,3,0,0,27,Self-Published,1,2018
False,14.99,False,0,True,True,True,80.0,100633,121220,4458,463,27,158,215,0,1,14,Self-Published,1,2018
False,9.99,False,75,True,False,False,81.0,23497,20192,1983,935,0,251,2590,0,5,17,Publisher-Backed,1,2018
False,29.99,False,0,True,False,False,78.0,3223,4585,494,216,0,155,1,0,1,31,Publisher-Backed,1,2017
False,9.99,False,0,True,False,False,86.0,731,663,437,197,0,41,0,17,0,0,Self-Published,1,2018
False,29.99,False,0,True,False,False,82.0,4938,4987,423,938,0,718,37,0,2,40,Publisher-Backed,1,2018
False,14.99,False,0,True,True,True,90.0,18489,19126,1090,1173,0,448,285,0,1,70,Self-Published,1,2018
False,0.49,False,51,True,False,False,,382,460,99,379,0,432,1281,0,3,32,Self-Published,1,2018
False,10.49,False,30,True,True,True,,25159,19922,1906,2047,475,1222,674,0,2,460,Self-Published,1,2018
False,1.64,False,70,True,True,False,,10233,9216,837,269,0,257,57,0,1,14,Publisher-Backed,1,2018
False,14.99,False,0,True,False,False,,2810,2699,314,641,0,108,44,0,1,456,Self-Published,1,2018
False,7.49,False,50,True,True,True,68.0,8940,12216,668,286,0,221,22,0,2,22,Self-Published,1,2018
False,14.99,False,0,True,True,False,,1435,1737,739,248,0,150,2,0,0,12,Self-Published,1,2018
False,13.99,False,30,True,True,False,,5918,5571,384,75,0,84,175,0,1,122,Publisher-Backed,1,2018
False,7.99,False,0,True,False,False,,0,1,1,0,0,0,0,0,0,0,Publisher-Backed,1,2018
False,12.99,False,0,True,True,True,73.0,7226,6967,651,318,0,231,11,0,3,31,Self-Published,1,2018
False,4.99,False,0,True,False,False,,3152,3602,197,2117,0,24,49,0,0,0,Publisher-Backed,1,2018
False,14.99,False,0,True,True,False,,1452,1009,537,567,0,155,21,0,0,84,Self-Published,1,2018
False,29.99,False,0,True,False,False,,515,354,55,344,0,405,276,17,1,56,Self-Published,1,2025
False,14.99,False,0,True,True,True,76.0,9427,11833,1549,470,0,245,31,0,0,0,Publisher-Backed,1,2018
False,19.99,False,0,True,True,True,,6533,6072,892,4986,0,3375,176,0,1,30,Publisher-Backed,1,2018
False,0.49,False,51,True,True,True,,8404,7930,697,130,0,57,3,0,1,100,Publisher-Backed,1,2020
False,2.99,False,90,True,True,False,76.0,7000,6997,1893,2074,0,1018,84,0,0,31,Publisher-Backed,1,2018
False,19.99,False,0,True,True,True,77.0,12980,13949,644,796,0,563,23,0,2,68,Publisher-Backed,1,2018
False,0.49,False,90,True,True,False,,3419,5141,3408,296,0,342,2,0,1,0,Publisher-Backed,1,2018
False,3.99,False,0,True,False,False,,0,123,42,367,0,213,39,0,0,8,Publisher-Backed,1,2018
False,6.24,False,75,True,True,True,,20109,21368,2042,3870,0,736,261,0,8,15,Publisher-Backed,1,2018
False,6.99,False,0,True,True,False,68.0,8655,10124,880,128,0,60,6,0,0,28,Publisher-Backed,1,2018
False,0.65,False,78,True,False,False,,12293,12605,731,71,0,24,5,0,0,130,Self-Published,1,2018
False,2.99,False,0,True,True,False,,114896,107491,11938,529,64,184,672,0,1,39,Publisher-Backed,1,2018
False,29.99,False,0,True,False,False,77.0,15039,12261,4994,1369,0,217,108,0,1,50,Publisher-Backed,1,2018
False,3.99,False,90,True,False,False,,16952,18775,2127,1725,0,946,63,0,4,50,Publisher-Backed,1,2018
False,5.94,False,15,True,False,False,,8334,7303,360,356,0,274,70,0,0,34,Self-Published,1,2018
False,19.99,False,0,True,False,False,,2367,1253,779,1203,197,1522,470,0,0,41,Publisher-Backed,1,2025
False,9.89,False,34,True,True,False,70.0,575975,612177,117993,12691,2303,971,22170,0,18,32,Publisher-Backed,1,2018
False,34.99,False,0,True,False,False,,30860,26326,3010,3038,0,1233,1632,0,9,227,Self-Published,1,2018
False,9.99,False,0,True,False,False,85.0,1556,1187,304,204,0,65,5,17,0,0,Publisher-Backed,1,2018
False,6.99,False,0,True,True,False,,20626,18498,1829,1096,567,705,499,0,0,59,Self-Published,1,2018
False,9.99,False,0,True,False,False,77.0,8447,4234,4656,4172,0,1311,111,0,0,0,Publisher-Backed,1,2018
False,20.99,False,30,True,True,False,,8140,7123,861,5039,0,985,495,0,0,39,Self-Published,1,2018
False,14.99,False,0,True,True,True,,2199,3151,199,235,0,150,8,0,5,26,Self-Published,1,2018
False,24.99,False,0,True,False,False,,6728,4917,1176,443,0,181,74,0,0,0,Self-Published,1,2018
False,14.99,False,50,True,False,False,,6362,5963,1331,2700,331,2079,596,0,0,71,Publisher-Backed,1,2018
False,11.99,False,0,True,True,True,73.0,12167,13052,946,554,4,313,68,0,1,52,Publisher-Backed,1,2018
False,1.74,False,75,True,False,False,,4641,3666,917,94,0,92,6,0,0,14,Publisher-Backed,1,2018
False,7.19,False,60,True,True,True,,16680,14952,1260,762,100,276,402,0,4,47,Publisher-Backed,1,2018
False,7.49,False,70,True,False,False,76.0,7222,5394,2011,319,0,299,26,0,1,12,Publisher-Backed,1,2018
False,10.04,False,33,True,False,False,,6881,3274,693,1818,1,571,281,0,6,38,Publisher-Backed,1,2018
False,19.99,False,0,True,True,False,,5352,5956,627,467,0,180,9,0,0,0,Self-Published,1,2018
False,15.99,False,0,True,False,False,68.0,2952,2731,583,1358,0,313,48,0,0,18,Self-Published,1,2014
False,0.59,False,70,True,False,False,,7054,11745,3126,225,0,113,6,0,0,13,Publisher-Backed,1,2018
False,4.99,False,75,True,False,False,,2252,2080,258,352,0,213,7,0,0,0,Publisher-Backed,1,2018
False,9.99,False,0,True,True,True,80.0,11659,11287,486,287,0,262,12,0,2,1,Self-Published,1,2018
False,14.99,False,0,True,True,True,,3581,3727,233,731,0,237,18,0,2,24,Publisher-Backed,1,2018
False,9.99,False,0,True,True,False,,10625,10926,619,1696,0,1135,153,0,18,125,Self-Published,1,2018
False,2.99,False,0,True,False,False,,14623,16447,1078,121,0,66,20,0,1,13,Publisher-Backed,1,2018
False,29.99,False,0,True,False,False,,22686,15430,2970,1240,1519,510,851,0,1,0,Self-Published,1,2018
False,17.99,False,0,True,False,False,,4209,3484,327,1045,37,704,174,0,2,37,Self-Published,1,2018
False,1.99,False,0,True,False,False,,6409,5809,182,151,55,104,4,0,0,2880,Self-Published,1,2018
False,1.99,False,0,True,False,False,,1235,1042,183,415,0,446,3,0,0,5,Self-Published,1,2018
False,3.24,False,75,True,True,False,79.0,8167,9225,501,370,0,323,32,0,0,12,Publisher-Backed,1,2018
False,24.99,False,0,True,False,False,83.0,3870,4649,346,227,0,248,25,0,1,21,Self-Published,1,2018
False,17.99,False,40,True,False,False,82.0,8204,4455,1501,921,63,550,97,0,3,55,Self-Published,1,2018
False,24.99,False,0,True,True,True,79.0,342,540,264,15436,0,86,1,0,0,0,Publisher-Backed,1,2018
False,9.99,False,0,True,False,False,,5493,4303,347,123,0,112,22,0,0,5,Self-Published,1,2018
False,9.99,False,0,True,True,True,,247,1338,470,200,0,212,1,0,0,23,Self-Published,1,2018
False,1.99,False,90,True,True,False,,36387,31601,4206,368,0,123,243,0,2,33,Publisher-Backed,1,2018
False,14.99,False,0,True,False,False,,2558,2034,177,108,0,111,23,0,2,11,Self-Published,1,2018
False,19.99,False,0,True,True,True,,23164,21613,537,588,0,233,220,0,1,26,Self-Published,1,2018
False,39.99,False,0,True,False,False,58.0,4738,4930,900,557,36,260,17,17,4,56,Publisher-Backed,1,2018
False,13.99,False,65,True,False,False,75.0,14562,13803,1847,750,0,383,276,0,1,45,Publisher-Backed,1,2018
False,6.99,False,0,True,True,False,,3922,3463,436,371,0,361,5,0,0,32,Publisher-Backed,1,2018
False,5.99,False,0,True,False,False,,7203,7282,427,629,55,163,236,0,0,0,Publisher-Backed,1,2014
False,9.99,False,0,True,True,True,67.0,2955,3379,378,107,0,99,2,17,0,12,Self-Published,1,2018
False,3.99,False,80,True,False,False,80.0,2202,2800,336,803,0,322,23,0,0,0,Publisher-Backed,1,2018
False,19.99,False,0,True,False,False,,4464,4406,477,167,0,174,40,0,0,43,Publisher-Backed,1,2018
False,19.99,False,0,True,True,True,,966,1215,436,681,0,116,6,0,23,12,Publisher-Backed,1,2018
False,8.99,False,40,True,False,False,74.0,20381,20535,1786,1175,0,345,379,0,8,54,Self-Published,1,2018
False,3.49,False,0,True,False,False,,3473,3816,239,320,0,105,13,0,1,59,Publisher-Backed,1,2018
False,9.59,False,84,True,False,False,81.0,8007,9019,1737,2024,0,707,93,0,4,63,Publisher-Backed,1,2018
False,12.99,False,0,True,False,False,,3677,3721,969,165,0,147,0,0,1,10,Self-Published,1,2018
False,3.99,False,0,True,True,True,,126,830,370,173,0,8,0,0,0,33,Self-Published,1,2018
False,11.99,False,0,True,True,False,,9363,11749,1985,411,0,156,61,0,7,33,Self-Published,1,2018
False,1.99,False,0,True,True,True,,258,324,175,144,0,187,0,0,0,9,Publisher-Backed,1,2018
False,8.99,False,80,True,False,False,79.0,31235,31828,7113,2395,302,588,200,0,2,47,Publisher-Backed,1,2018
False,5.99,False,0,True,True,False,,33924,34893,1765,614,150,270,555,0,0,24,Self-Published,1,2018
False,17.99,False,0,True,False,False,,8603,6425,1865,1953,347,910,1121,0,1,29,Self-Published,1,2018
False,17.99,False,0,True,True,True,90.0,29135,23265,698,576,19,314,134,0,2,131,Publisher-Backed,1,2018
False,29.99,False,0,True,True,False,,26558,26456,992,847,34,202,357,0,0,0,Self-Published,1,2018
False,0.69,False,86,True,False,False,76.0,7503,11408,834,262,0,243,3,0,0,16,Self-Published,1,2018
False,34.99,False,0,True,False,False,70.0,3015,2843,1250,3549,0,239,4,0,4,52,Self-Published,1,2018
False,19.99,False,0,True,False,True,,5939,8342,3358,293,0,83,140,17,0,35,Publisher-Backed,1,2016
False,12.99,False,0,True,False,False,,2735,2091,340,2017,0,467,45,0,0,180,Publisher-Backed,1,2018
False,19.99,False,0,True,False,False,79.0,2545,2259,209,147,0,184,5,0,4,34,Publisher-Backed,1,2018
False,7.99,False,60,True,False,False,81.0,4204,4299,974,425,0,189,18,0,2,43,Publisher-Backed,1,2018
False,2.99,False,0,True,False,False,,0,20,9,0,0,0,0,0,0,0,Publisher-Backed,1,2018
False,9.99,False,0,True,True,True,80.0,1401,2078,663,64,0,40,2,0,0,0,Publisher-Backed,1,2018
False,12.99,False,0,True,False,False,82.0,3845,5566,739,313,0,160,25,0,0,0,Self-Published,1,2011
False,9.99,False,0,True,True,True,70.0,400,493,145,2757,0,358,1,0,0,20,Self-Published,1,2014
False,19.99,False,0,True,False,False,,5981,5658,673,2230,0,1504,149,17,0,56,Publisher-Backed,1,2018
False,9.99,False,0,True,False,True,59.0,112307,112414,3644,595,155,229,320,18,2,89,Self-Published,1,2018
False,9.99,False,0,True,True,False,86.0,8216,8718,1014,192,0,187,11,0,0,13,Self-Published,1,2018
False,4.99,False,0,True,False,False,76.0,571,949,303,238,0,235,0,0,1,4,Publisher-Backed,1,2018
False,4.99,False,75,True,True,False,81.0,3189,3743,224,213,0,177,17,0,2,26,Publisher-Backed,1,2018
False,9.99,False,0,True,True,True,80.0,710,1042,134,234,271,105,2,0,2,27,Publisher-Backed,1,2018
False,4.99,False,0,True,True,True,,0,16,3,0,0,0,0,0,0,9,Publisher-Backed,1,2018
False,19.99,False,0,True,False,False,68.0,84452,97083,4268,2554,1456,835,2278,0,3,294,Publisher-Backed,1,2018
False,17.49,False,30,True,False,False,,15337,11530,3058,1137,2553,367,806,0,1,26,Publisher-Backed,1,2018
False,4.99,False,0,True,False,False,,3650,3662,258,169,0,28,10,17,0,0,Publisher-Backed,1,2018
False,15.99,False,20,True,False,False,,10021,8944,229,2458,3,536,268,0,0,0,Publisher-Backed,1,2018
False,19.99,False,0,True,False,False,78.0,11837,22618,4113,830,0,278,83,0,79,46,Publisher-Backed,1,2018
False,2.99,False,0,True,True,True,,0,201,91,260,0,226,1,0,2,9,Self-Published,1,2018
False,9.99,False,0,True,False,False,69.0,2083,1680,1295,524,0,425,2,0,0,59,Publisher-Backed,1,2018
False,2.99,False,0,True,False,False,,0,6,5,225,0,120,0,0,0,0,Self-Published,1,2018
False,14.99,False,0,True,False,True,,21574,19362,483,163,1,89,291,0,1,0,Self-Published,1,2018
False,7.99,False,0,True,False,False,,6757,7698,881,127,0,71,17,0,1,30,Publisher-Backed,1,2018
False,19.99,False,0,True,False,False,66.0,1934,2308,780,314,0,318,12,0,0,46,Publisher-Backed,1,2019
False,4.99,False,0,True,True,False,70.0,1598,2384,297,279,0,274,1,0,0,0,Self-Published,1,2018
False,14.99,False,50,True,False,False,,4090,2370,725,1337,0,1310,27,0,2,46,Self-Published,1,2018
False,24.99,False,0,True,False,False,,195590,165867,3884,1851,289,586,3122,0,0,0,Publisher-Backed,1,2018
False,29.99,False,0,True,False,False,,10540,7885,8630,580,0,544,199,0,0,0,Self-Published,1,2018
False,19.99,False,0,True,True,False,76.0,155,1377,375,80,0,38,4,0,1,31,Publisher-Backed,1,2018
False,19.99,False,0,True,True,False,81.0,9964,8658,608,1354,0,640,258,0,5,220,Self-Published,1,2018
False,4.99,False,0,True,False,False,,119,115,46,276,0,243,0,0,0,0,Self-Published,1,2018
False,19.99,False,0,True,False,False,,666253,736611,32168,2371,199,915,9978,0,0,54,Self-Published,1,2018
False,5.99,False,60,True,True,False,,53030,50017,681,274,0,287,185,0,0,82,Publisher-Backed,1,2018
False,19.99,False,0,True,False,False,,6897,6990,1007,295,0,281,30,0,1,30,Publisher-Backed,1,2018
False,19.99,False,0,True,True,True,80.0,2866,3242,815,417,0,133,3,0,1,38,Self-Published,1,2018
False,5.99,False,0,True,False,False,,881,766,213,525,0,567,10,0,0,0,Publisher-Backed,1,2018
False,5.99,False,0,True,False,False,,0,99,105,430,0,423,15,0,0,64,Publisher-Backed,1,2018
False,19.99,False,0,True,False,False,72.0,1686,1987,299,188,0,193,6,17,2,35,Self-Published,1,2018
False,0.79,False,90,True,False,False,73.0,4043,3044,1195,127,0,27,20,17,0,0,Self-Published,1,2018
False,14.99,False,0,True,False,False,69.0,8633,7552,3362,724,0,282,10,0,9,49,Publisher-Backed,1,2018
False,7.39,False,80,True,False,False,93.0,4758,6540,457,478,0,83,65,17,0,0,Publisher-Backed,1,2018
False,19.99,False,0,True,False,False,84.0,23194,24500,1631,458,343,130,78,0,1,18,Publisher-Backed,1,2018
False,12.99,False,0,True,True,True,,5824,4942,1120,1503,68,488,49,0,0,29,Self-Published,1,2018
False,7.99,False,0,True,False,False,,30102,29613,3115,111,0,55,5,0,0,12,Publisher-Backed,1,2018
False,19.99,False,0,True,True,True,84.0,13329,13088,862,669,0,248,74,0,0,13,Self-Published,1,2018
False,9.99,False,0,True,False,False,,18555,16289,484,860,0,220,297,0,0,20,Publisher-Backed,1,2018
False,8.99,False,0,True,True,False,,10436,9749,1768,250,0,154,27,0,0,56,Self-Published,1,2015
False,9.99,False,0,True,True,False,,3339,3156,811,146,0,117,0,0,0,0,Self-Published,1,2018
False,29.99,False,0,True,False,False,,4111,4106,481,282,0,196,20,0,2,50,Self-Published,1,2018
False,10.99,False,0,True,True,True,,2554,0,0,250,0,259,19,0,1,22,Publisher-Backed,1,2018
False,19.99,False,0,True,False,False,82.0,25242,24613,2154,842,397,201,186,17,0,44,Self-Published,1,2018
False,29.99,False,0,True,False,False,69.0,3117,3505,2567,812,0,295,14,17,13,43,Publisher-Backed,1,2019
False,29.99,False,0,True,False,False,,2975,2197,586,919,325,769,925,0,1,81,Publisher-Backed,1,2024
False,9.99,False,0,True,True,False,72.0,2526,2821,609,237,303,121,4,17,0,20,Self-Published,1,2018
False,2.99,False,0,True,True,True,,0,108,27,36,0,31,0,0,1,8,Self-Published,1,2018
False,19.99,False,0,True,False,False,75.0,4078,4498,405,572,0,332,6,0,0,20,Self-Published,1,2018
False,11.99,False,50,True,False,False,,63860,52168,2148,2099,118,1587,7330,0,3,55,Self-Published,1,2018
False,39.99,False,0,True,False,False,71.0,4684,3493,1607,268,0,366,4,0,0,38,Publisher-Backed,1,2018
False,14.99,False,0,True,True,False,,17049,12973,2105,4926,597,860,1748,0,3,0,Publisher-Backed,1,2018
False,5.99,False,0,True,False,False,,12647,11581,501,438,0,347,46,0,0,10,Self-Published,1,2018
False,19.99,False,0,True,True,False,86.0,168445,238239,9691,717,44,497,556,17,0,50,Publisher-Backed,1,2018
False,34.99,False,0,True,True,True,64.0,2541,3137,1156,245,0,230,19,0,3,42,Publisher-Backed,1,2018
False,29.99,False,0,True,False,False,,2214,2132,918,1250,0,397,56,0,0,17,Publisher-Backed,1,2018
False,1.99,False,0,True,False,False,,0,87,102,229,0,215,0,0,0,7,Publisher-Backed,1,2018
False,0.99,False,0,True,False,False,,2437,1832,508,73,0,45,45,0,0,0,Self-Published,1,2018
False,2.99,False,0,True,False,False,,2208,3716,639,256,222,242,7,0,0,0,Self-Published,1,2018
False,14.99,False,0,True,True,False,78.0,965,1724,145,221,0,214,5,0,0,31,Publisher-Backed,1,2018
False,4.99,False,0,True,True,True,,439,379,115,135,0,203,0,0,0,14,Self-Published,1,2018
False,39.99,False,0,True,False,False,,3740,3584,777,2680,26,963,252,13,0,24,Publisher-Backed,1,2018
False,4.99,False,0,True,False,False,,896,1013,206,90,0,114,4,0,0,0,Self-Published,1,2009
False,19.99,False,0,True,False,False,,6128,4827,2465,2188,14,618,198,0,8,0,Self-Published,1,2018
False,0.99,False,0,True,True,True,,355,596,89,260,0,154,1,0,0,9,Publisher-Backed,1,2018
False,24.99,False,0,True,False,False,,4180,3419,989,319,142,179,28,0,1,14,Publisher-Backed,1,2018
False,9.99,False,0,True,True,False,,854,589,149,2112,0,2112,28,0,0,20,Self-Published,1,2018
False,19.99,False,0,True,False,False,,6588,6076,1196,698,95,400,112,0,0,30,Publisher-Backed,1,2018
False,1.99,False,0,True,False,False,,608,517,200,283,0,225,1,0,1,0,Self-Published,1,2016
False,1.99,False,90,True,False,False,73.0,3123,2852,718,235,0,183,5,0,0,32,Self-Published,1,2018
False,9.99,False,0,True,False,True,,3547,3706,289,424,88,296,90,0,1,29,Self-Published,1,2018
False,19.99,False,0,True,False,False,,1912,1939,790,112,0,122,4,0,1,28,Publisher-Backed,1,2022
False,19.99,False,0,True,False,False,,5237,3990,823,1418,0,544,22,0,1,39,Publisher-Backed,1,2018
False,0.99,False,0,True,True,True,,286,570,119,159,0,122,0,0,0,16,Publisher-Backed,1,2018
False,9.99,False,0,True,True,True,57.0,1568,1668,250,292,0,398,2,0,0,18,Self-Published,1,2018
False,19.99,False,0,True,True,True,78.0,9231,9243,797,1034,0,222,279,0,2,93,Self-Published,1,2018
False,22.99,False,0,True,False,False,,4640,3396,1175,1112,0,644,178,0,0,47,Publisher-Backed,1,2018
False,7.49,False,70,True,False,False,82.0,12627,10557,939,1361,590,1076,424,0,4,94,Publisher-Backed,1,2018
False,17.99,False,0,True,False,False,,1824,1680,558,138,0,131,4,0,1,26,Publisher-Backed,1,2018
False,4.99,False,75,True,True,True,83.0,4645,4633,148,107,0,116,22,0,1,14,Publisher-Backed,1,2018
False,2.99,False,0,True,False,False,,11002,10857,410,231,0,24,12,0,0,24,Self-Published,1,2018
False,19.99,False,0,True,True,True,80.0,3002,2977,338,660,0,269,57,0,1,50,Self-Published,1,2018
False,5.99,False,0,True,False,False,,12831,11463,816,135,0,128,30,0,0,15,Self-Published,1,2018
False,9.99,False,0,True,True,True,,0,202,170,239,0,250,0,0,1,34,Publisher-Backed,1,2018
False,12.99,False,0,True,False,False,82.0,25183,37172,1304,948,37,256,112,0,0,18,Publisher-Backed,1,2018
False,9.99,False,0,True,True,True,78.0,316,892,115,98,0,42,0,0,0,22,Self-Published,1,2018
False,9.99,False,0,True,True,True,82.0,10209,10506,742,234,0,252,5,0,1,9,Publisher-Backed,1,2018
False,10.99,False,0,True,False,False,,0,0,1,0,0,0,0,0,0,0,Publisher-Backed,1,2018
False,4.99,False,0,True,False,False,,0,351,100,619,0,397,0,0,0,0,Self-Published,1,2018
False,1.99,False,0,True,False,False,,8257,7755,464,138,0,109,2,0,1,118,Self-Published,1,2018
False,29.99,False,0,True,True,True,33.0,5147,3166,4102,1094,0,384,7,0,7,69,Self-Published,1,2018
False,29.99,False,0,True,True,True,,1597,955,110,4713,0,2728,169,0,0,0,Self-Published,1,2018
False,4.99,False,0,True,False,False,,5134,7327,366,186,0,141,1,0,0,8,Self-Published,1,2018
False,9.99,False,0,True,True,False,,2823,2177,1149,134,0,128,0,0,0,11,Self-Published,1,2018
False,1.99,False,80,True,True,True,74.0,4278,6152,1217,226,0,181,9,0,2,46,Publisher-Backed,1,2018
False,1.99,False,0,True,False,False,,1724,1380,458,237,0,256,1,0,0,16,Publisher-Backed,1,2018
False,9.99,False,0,True,False,False,,0,10,0,0,0,0,0,0,0,0,Self-Published,1,2024
False,3.99,False,0,True,False,False,,0,20,0,0,0,0,0,0,0,8,Self-Published,1,2018
False,9.99,False,0,True,False,False,,167,411,104,387,0,382,1,0,1,57,Self-Published,1,2018
False,8.99,False,0,True,False,False,80.0,5975,4748,1438,398,1881,64,19,13,0,0,Self-Published,1,2018
False,29.99,False,0,True,False,False,,85471,72724,21141,1839,309,327,873,0,3,34,Publisher-Backed,1,2018
False,19.99,False,0,True,False,False,,4931,3378,2370,640,0,318,54,13,2,31,Self-Published,1,2018
False,4.99,False,0,True,True,False,75.0,0,360,122,75,0,75,0,0,0,13,Self-Published,1,2013
False,2.99,False,0,True,False,False,,15885,11177,392,423,0,415,112,0,0,32,Self-Published,1,2018
False,4.99,False,0,True,True,False,,480,445,382,78,0,85,0,0,0,7,Self-Published,1,2018
False,9.99,False,50,True,True,False,72.0,23395,22007,3036,688,425,602,958,0,8,101,Publisher-Backed,1,2018
False,14.99,False,0,True,False,False,,1474,1488,339,114,0,100,4,0,0,24,Publisher-Backed,1,2018
False,8.39,False,72,True,False,False,,24187,19746,3742,2229,0,720,633,0,2,51,Publisher-Backed,1,2018
False,19.99,False,0,True,False,False,,4715,6236,1392,844,0,242,7,0,3,36,Publisher-Backed,1,2018
False,4.99,False,75,True,False,False,83.0,11723,11638,1261,534,305,214,73,0,0,80,Publisher-Backed,1,2018
False,14.99,False,0,True,True,True,,5779,6833,1626,250,0,215,4,0,2,19,Publisher-Backed,1,2018
False,6.99,False,0,True,False,False,,1439,978,621,510,0,145,1,13,0,0,Publisher-Backed,1,2018
False,19.99,False,0,True,True,True,,0,828,421,43,0,20,0,0,2,42,Self-Published,1,2018
False,19.99,False,0,True,False,False,76.0,6990,8031,450,696,0,506,160,0,0,0,Publisher-Backed,1,2018
False,4.99,False,80,True,True,False,81.0,17430,23179,2186,1635,0,312,929,0,0,71,Publisher-Backed,1,2018
False,24.99,False,0,True,False,False,,9936,10408,377,296,0,322,74,0,1,39,Self-Published,1,2024
False,19.99,False,0,True,False,False,59.0,5640,4692,2696,202,0,155,43,0,0,0,Publisher-Backed,1,2018
False,14.99,False,0,True,False,False,,829,706,262,362,0,358,0,0,0,0,Self-Published,1,2018
False,19.99,False,0,True,False,False,74.0,3350,4083,742,204,0,106,61,0,1,20,Publisher-Backed,1,2018
False,9.99,False,0,True,False,False,,0,12,6,0,0,0,0,0,1,15,Publisher-Backed,1,2018
