coming_soon,price_usd,is_free,discount_pct,platforms_win,platforms_mac,platforms_linux,metacritic_score,avg_playtime_forever,avg_playtime_2weeks,median_playtime,peak_ccu,required_age,dlc_count,achievements,publishing_model,genre_count,release_year,approval_rating
False,4.79,False,88,True,False,False,,1332,824,465,469,0,1,72,Publisher-Backed,1,2022,0.7287998594271657
False,9.99,False,0,True,True,True,,301,0,328,61,17,2,0,Publisher-Backed,1,2018,0.7972372964972866
False,0.89,False,10,True,True,False,,251,0,243,0,0,0,32,Self-Published,1,2018,0.6929824561403509
False,3.99,False,0,True,False,False,,5786,0,9223,41,0,0,0,Self-Published,1,2018,0.6017214397496088
False,18.99,False,0,True,False,False,68.0,448,0,201,16,0,1,73,Publisher-Backed,1,2018,0.8221374045801527
False,2.99,False,90,True,False,False,62.0,114,0,104,3,0,0,74,Publisher-Backed,1,2018,0.33985330073349634
False,12.99,False,0,True,True,True,,491,0,233,7,0,1,52,Self-Published,1,2018,0.945017793594306
False,7.99,False,0,True,False,False,,84,0,83,3,0,1,7,Self-Published,1,2018,0.9215422276621787
False,19.99,False,0,True,False,False,,265,0,113,6,17,0,30,Publisher-Backed,1,2018,0.5373737373737374
False,4.99,False,0,True,True,True,,201,0,193,0,0,0,35,Self-Published,1,2018,0.7844387755102041
False,5.99,False,80,True,True,True,90.0,2536,828,402,1807,0,8,106,Publisher-Backed,1,2018,0.9065405578711125
False,14.99,False,0,True,True,True,87.0,813,120,317,269,0,1,18,Self-Published,1,2018,0.9781031887231422
False,29.99,False,0,True,True,False,,771,20,194,121,0,7,69,Publisher-Backed,1,2024,0.8602261048304214
False,2.99,False,90,True,False,False,65.0,322,0,200,21,0,1,25,Self-Published,1,2018,0.7967072816942269
False,4.99,False,0,True,False,False,,0,0,0,0,0,0,0,Self-Published,1,2018,0.6666666666666666
False,1.99,False,0,True,True,False,,233,0,216,0,0,0,11,Publisher-Backed,1,2018,0.4482758620689655
False,19.99,False,0,True,True,False,,1933,0,511,68,0,1,0,Publisher-Backed,1,2018,0.7558331369314164
False,14.99,False,0,True,False,False,,730,111,456,1096,0,0,31,Self-Published,1,2018,0.8882446946891144
False,0.49,False,90,True,False,False,,337,0,344,0,0,0,0,Publisher-Backed,1,2018,0.4411764705882353
False,49.99,False,0,True,False,False,,393,0,343,42,0,22,40,Publisher-Backed,1,2018,0.883565923765882
False,39.99,False,0,True,False,False,,548,5,417,103,17,1,60,Publisher-Backed,1,2018,0.8908333333333334
False,4.99,False,0,True,False,False,90.0,857,0,22,1383,0,0,0,Publisher-Backed,1,2018,0.8968330797953257
False,19.99,False,0,True,False,False,73.0,366,0,78,10,17,0,0,Publisher-Backed,1,2018,0.8120545713703929
False,29.99,False,0,True,False,False,,990,48,512,373,17,2,57,Self-Published,1,2018,0.7815570570974776
False,0.99,False,0,True,True,True,,163,0,174,0,0,10,1079,Publisher-Backed,1,2018,0.6692647440893739
False,19.99,False,0,True,False,False,,1565,0,1155,144,0,0,37,Publisher-Backed,1,2018,0.8575418994413407
False,9.99,False,0,True,False,False,,26016,0,33638,172,0,1,100,Self-Published,1,2018,0.4378698224852071
False,9.99,False,0,True,False,False,,28,0,37,4,0,0,48,Self-Published,1,2018,0.8045540796963947
False,2.39,False,88,True,True,False,,763,0,580,41,0,3,76,Publisher-Backed,1,2018,0.8844209005538165
False,19.99,False,0,True,False,False,76.0,513,331,450,210,17,0,45,Self-Published,1,2018,0.8832554322617476
False,19.99,False,0,True,False,True,,689,0,525,65,0,0,40,Self-Published,1,2018,0.8305103757711721
False,12.49,False,50,True,True,True,89.0,2431,36,922,2559,0,8,121,Self-Published,1,2018,0.9708246272200589
False,19.99,False,0,True,False,False,84.0,861,0,745,48,0,1,56,Publisher-Backed,1,2018,0.891597510373444
False,39.99,False,0,True,False,False,,419,0,209,164,0,1,49,Publisher-Backed,1,2018,0.7420641005980678
False,19.99,False,0,True,True,True,,595,0,104,43,0,1,0,Self-Published,1,2018,0.872351160443996
False,9.99,False,0,True,True,True,69.0,508,0,203,2,0,5,187,Self-Published,1,2018,0.8375900458415193
False,14.99,False,0,True,True,True,76.0,1395,0,1959,5,0,2,17,Publisher-Backed,1,2018,0.6213692946058091
False,39.99,False,0,True,False,False,,1374,336,647,3743,0,8,27,Self-Published,1,2018,0.9339416930521537
False,1.07,False,82,True,True,True,,12,0,2,1,0,0,0,Self-Published,1,2018,0.789010989010989
False,19.99,False,0,True,False,False,,259,0,192,8,0,0,30,Publisher-Backed,1,2018,0.42313218390804597
False,29.99,False,0,True,False,False,,1080,0,903,68,0,2,54,Publisher-Backed,1,2018,0.7244197450147107
False,0.49,False,51,True,False,False,,40,0,17,0,0,3,100,Self-Published,1,2018,0.906688241639698
False,4.99,False,0,True,False,False,,192,0,199,2,0,0,27,Self-Published,1,2018,0.7439759036144579
False,1.99,False,0,True,False,False,,221,0,60,59,0,5,97,Publisher-Backed,1,2018,0.861165319208252
False,4.99,False,0,True,True,False,84.0,57,0,9,144,0,0,0,Publisher-Backed,1,2018,0.9094650205761317
False,9.99,False,0,True,True,True,64.0,306,0,322,39,17,3,27,Publisher-Backed,1,2018,0.9014902096690348
False,14.99,False,0,True,False,False,65.0,762,0,228,46,17,3,50,Publisher-Backed,1,2018,0.7448061508261083
False,1.99,False,0,True,False,False,,219,0,215,0,0,1,27,Publisher-Backed,1,2018,0.7764900662251656
False,49.99,False,0,True,False,False,85.0,2705,0,1363,425,0,0,31,Publisher-Backed,1,2018,0.9234066085994747
False,29.99,False,0,True,False,False,80.0,1213,0,118,75,0,0,0,Publisher-Backed,1,2018,0.948051948051948
False,9.99,False,0,True,False,False,56.0,1483,0,827,32,0,0,0,Publisher-Backed,1,2018,0.8273565573770492
False,69.99,False,0,True,False,False,,2476,478,543,222,0,13,50,Publisher-Backed,1,2018,0.7842282297246792
False,19.99,False,0,True,False,True,80.0,470,54,300,17,0,1,29,Self-Published,1,2015,0.9094656992084432
False,19.99,False,0,True,False,False,,75,0,52,2,0,2,17,Self-Published,1,2018,0.9399152331089504
False,9.99,False,0,True,False,False,,128,0,49,5,18,5,103,Self-Published,1,2018,0.8339689804220697
False,14.99,False,0,True,False,False,,1877,3,643,374,0,1,78,Self-Published,1,2020,0.8659395772797834
False,69.99,False,0,True,False,False,87.0,1411,0,1331,274,0,1,55,Publisher-Backed,1,2018,0.906300942660713
False,16.99,False,0,True,True,True,77.0,657,102,610,35,17,5,34,Publisher-Backed,1,2018,0.9328024025956614
False,14.99,False,0,True,False,False,,173,0,219,21,0,0,0,Publisher-Backed,1,2018,0.9090526905829597
False,4.99,False,75,True,False,False,,1587,0,413,166,0,5,42,Publisher-Backed,1,2018,0.7214517948377679
False,24.99,False,0,True,True,True,,336,0,155,8,0,6,65,Publisher-Backed,1,2018,0.9386671548883193
False,9.99,False,75,True,True,True,88.0,2119,0,1189,233,17,10,55,Publisher-Backed,1,2018,0.8803549733241772
False,2.99,False,85,True,False,False,91.0,572,43,279,601,0,0,47,Publisher-Backed,1,2018,0.9631912669210194
False,24.99,False,0,True,True,False,80.0,559,0,504,24,0,2,39,Publisher-Backed,1,2018,0.8897764607356825
False,8.99,False,0,True,False,False,83.0,445,0,100,29,13,0,0,Self-Published,1,2018,0.8210652304009575
False,1.99,False,90,True,True,True,,502,41,341,1208,0,0,49,Publisher-Backed,1,2018,0.9150738507844675
False,7.49,False,75,True,False,False,82.0,1234,0,930,150,17,5,68,Publisher-Backed,1,2018,0.8339858744050361
False,9.99,False,0,True,True,True,73.0,389,0,85,5,17,0,0,Self-Published,1,2018,0.9035157282579963
False,5.99,False,70,True,True,False,86.0,547,0,97,37,0,0,0,Publisher-Backed,1,2018,0.9399766899766899
False,0.99,False,0,True,False,False,,0,0,0,0,0,0,0,Self-Published,1,2018,0.7777777777777778
False,34.99,False,0,True,False,False,73.0,421,0,156,13,0,6,54,Self-Published,1,2017,0.734144960362401
False,3.99,False,0,True,False,False,,58347,1238,32479,8493,0,0,0,Self-Published,1,2020,0.9242294520547946
False,19.99,False,0,True,True,True,77.0,365,0,202,182,0,2,53,Publisher-Backed,1,2018,0.9334190369061011
False,4.99,False,75,True,False,False,49.0,1219,0,157,5,0,6,0,Publisher-Backed,1,2018,0.5083996463306808
False,24.99,False,0,True,False,False,,1447,0,15,217,0,0,0,Publisher-Backed,1,2018,0.9418803418803419
False,1.49,False,90,True,True,True,,751,150,347,979,0,18,83,Publisher-Backed,1,2020,0.8811121049493142
False,24.99,False,0,True,False,False,,1884,0,1632,203,0,1,29,Self-Published,1,2018,0.9518900343642611
False,39.99,False,0,True,False,False,72.0,1450,0,706,63,0,4,198,Publisher-Backed,1,2018,0.6964792257633906
False,0.49,False,51,True,False,False,,357,0,424,1,0,0,44,Self-Published,1,2018,0.7944862155388471
False,1.99,False,0,True,False,False,,237,0,244,0,0,0,0,Publisher-Backed,1,2018,0.4354066985645933
False,2.99,False,80,True,True,True,73.0,336,0,273,8,0,1,45,Self-Published,1,2018,0.8361291937906861
False,9.99,False,0,True,False,False,80.0,11882,4204,300,14345,0,3,0,Self-Published,1,2017,0.7411037862837815
False,3.99,False,0,True,False,False,,386,0,115,2,0,0,20,Self-Published,1,2018,0.5460664074184864
False,14.99,False,0,True,False,False,,0,0,0,0,0,0,26,Publisher-Backed,1,2018,0.8542713567839196
False,39.99,False,0,True,False,False,78.0,1710,1,836,429,17,2,50,Publisher-Backed,1,2018,0.8470724045267023
False,15.99,False,0,True,False,False,,320,0,188,11,0,0,294,Publisher-Backed,1,2018,0.7736248236953456
False,14.99,False,0,True,True,False,,1674,0,1137,5,0,0,39,Self-Published,1,2018,0.907664316579486
False,49.99,False,0,True,False,False,91.0,2208,889,1819,27880,17,4,55,Publisher-Backed,1,2018,0.9566251170833634
False,4.99,False,0,True,False,False,,169,0,153,0,0,0,22,Self-Published,1,2018,0.7583289264939186
False,19.99,False,0,True,False,False,,299,0,371,0,0,2,24,Publisher-Backed,1,2018,0.7823228634039445
False,17.99,False,0,True,True,False,,3301,0,2009,28,0,3,251,Self-Published,1,2018,0.9283101682516459
False,24.99,False,0,True,False,False,,1341,0,565,69,0,1,133,Self-Published,1,2018,0.9866143137604855
False,5.99,False,70,True,False,False,,1529,0,1696,8,17,7,43,Self-Published,1,2018,0.7186761229314421
False,16.99,False,0,True,False,False,,806,0,292,62,0,1,19,Self-Published,1,2018,0.8787037037037037
False,2.99,False,0,True,True,True,,66,0,66,2,0,0,10,Self-Published,1,2018,0.7831715210355987
False,49.99,False,0,True,False,False,,15689,1277,2312,37066,17,3,13,Self-Published,1,2018,0.7678035197977
False,3.99,False,0,True,True,False,,78,0,40,5,0,1,28,Publisher-Backed,1,2018,0.9659038726465636
False,29.99,False,0,True,True,True,75.0,304,0,130,5,0,3,40,Self-Published,1,2018,0.7146681965959074
False,59.99,False,0,True,False,False,,2268,465,1510,1297,17,5,72,Publisher-Backed,1,2018,0.8091966081958991
False,11.24,False,55,True,False,False,,2132,0,2270,94,0,2,39,Publisher-Backed,1,2018,0.791161178509532
False,7.99,False,0,True,True,True,83.0,81,0,22,2,0,0,14,Publisher-Backed,1,2018,0.7741194486983155
False,19.99,False,0,True,False,False,81.0,365,0,279,8,0,3,39,Publisher-Backed,1,2018,0.9288713262533959
False,9.99,False,0,True,False,False,73.0,189,0,136,1,0,1,50,Publisher-Backed,1,2018,0.7942925089179548
False,2.69,False,85,True,False,False,,367,0,380,18,0,0,37,Publisher-Backed,1,2018,0.6621043627031651
False,14.99,False,0,True,True,False,82.0,205,0,124,33,0,5,25,Self-Published,1,2018,0.9795438273499029
False,19.99,False,0,True,False,False,,503,0,734,1,0,2,18,Self-Published,1,2018,0.6730937773882559
False,1.94,False,87,True,False,False,72.0,1228,33,467,92,17,5,67,Publisher-Backed,1,2017,0.7520774358506073
False,29.99,False,0,True,True,True,85.0,677,66,275,117,0,4,40,Publisher-Backed,1,2018,0.9541131791218104
False,9.79,False,72,True,True,False,82.0,1589,0,589,430,0,3,61,Publisher-Backed,1,2018,0.8320096108923447
False,9.99,False,0,True,True,False,,979,0,125,424,0,0,0,Publisher-Backed,1,2018,0.9114626000378095
False,19.99,False,0,True,False,False,82.0,475,0,560,19,0,2,12,Self-Published,1,2018,0.9316588785046729
False,19.99,False,0,True,True,True,64.0,311,0,168,4,0,10,107,Publisher-Backed,1,2018,0.7799856356236533
False,29.99,False,0,True,False,False,91.0,406,21,147,10,17,0,0,Publisher-Backed,1,2018,0.7995308006659604
False,12.99,False,0,True,False,False,,302,0,322,61,0,1,46,Publisher-Backed,1,2018,0.8949814126394052
False,24.99,False,0,True,False,False,76.0,274,0,152,18,0,2,42,Publisher-Backed,1,2018,0.8292924294903513
False,69.99,False,0,True,False,False,,1194,278,398,618,0,19,41,Publisher-Backed,1,2018,0.602846315110466
False,29.99,False,0,True,False,False,77.0,551,1,251,59,13,0,51,Publisher-Backed,1,2018,0.8680712315023827
False,69.99,False,0,True,False,False,89.0,3635,63,2029,655,17,19,74,Publisher-Backed,1,2018,0.9163612631156183
False,0.49,False,51,True,False,False,,236,0,238,0,0,3,15,Self-Published,1,2018,0.5267175572519084
False,5.39,False,80,True,True,True,75.0,610,182,275,214,0,5,58,Publisher-Backed,1,2018,0.9060974082884687
False,14.99,False,0,True,False,False,,548,60,356,545,0,0,11,Self-Published,1,2018,0.9388532825220856
False,7.49,False,75,True,False,False,,1001,0,736,274,0,2,50,Publisher-Backed,1,2018,0.9755654783690798
False,29.99,False,0,True,False,False,75.0,1687,462,695,827,17,2,77,Self-Published,1,2018,0.6638264543232146
False,14.99,False,0,True,True,False,,508,0,202,64,0,1,42,Publisher-Backed,1,2018,0.9145620634067706
False,0.99,False,0,True,False,False,,214,0,161,3,0,0,2975,Publisher-Backed,1,2018,0.8139737991266376
False,29.99,False,0,True,False,False,,1441,0,247,37,0,2,29,Self-Published,1,2018,0.6599595039230575
False,39.99,False,0,True,False,False,,5081,721,1141,7267,0,7,36,Self-Published,1,2018,0.7105878186968838
False,0.99,False,0,True,True,False,,191,0,212,0,0,0,5,Publisher-Backed,1,2018,0.4519230769230769
False,59.99,False,0,True,False,False,,2547,5,1943,398,0,0,33,Publisher-Backed,1,2018,0.9490201856490349
False,9.99,False,0,True,False,False,,300,0,67,37,17,0,0,Publisher-Backed,1,2018,0.9160146061554513
False,9.99,False,0,True,True,True,,0,0,0,0,0,0,0,Publisher-Backed,1,2018,0.75
False,19.99,False,0,True,False,True,80.0,948,0,301,13,0,2,0,Self-Published,1,2013,0.8731275533363595
False,59.99,True,0,True,False,False,,290,0,182,32,0,43,20,Self-Published,1,2021,0.5439074200136147
False,5.99,False,0,True,False,False,24.0,214,0,91,7,0,1,35,Publisher-Backed,1,2018,0.451095166163142
False,8.99,False,0,True,True,True,83.0,80,0,60,2,17,4,50,Self-Published,1,2018,0.9494252873563218
False,1.99,False,90,True,True,False,,1886,0,475,202,0,21,60,Publisher-Backed,1,2018,0.9135109955163914
False,9.99,False,0,True,True,True,82.0,307,3,275,31,0,3,11,Publisher-Backed,1,2018,0.9361337845908819
False,0.99,False,90,True,True,True,76.0,250,0,108,16,0,1,24,Self-Published,1,2018,0.9392312385600976
False,14.99,False,0,True,False,False,,15,0,15,0,0,0,5,Publisher-Backed,1,2018,0.9032258064516129
False,8.99,False,0,True,True,True,,384,0,198,32,0,2,82,Publisher-Backed,1,2018,0.8934217236104028
False,49.99,False,0,True,False,False,82.0,2206,180,676,1149,18,28,50,Publisher-Backed,1,2018,0.6970774410774411
False,29.99,False,0,True,False,False,81.0,1498,0,374,329,17,1,59,Self-Published,1,2018,0.884847705950392
False,14.99,False,0,True,False,False,,2986,128,667,1044,0,0,77,Self-Published,1,2018,0.9458498369696041
False,10.99,False,0,True,False,False,,574,0,562,10,0,4,89,Publisher-Backed,1,2018,0.9397389341446658
False,0.99,False,0,True,False,False,,225,0,216,0,0,0,3,Self-Published,1,2018,0.5167883211678832
False,29.99,False,0,True,False,False,,747,144,604,71,17,15,64,Publisher-Backed,1,2018,0.5736445560644113
False,9.99,False,0,True,False,False,,620,0,90,3,0,1,35,Publisher-Backed,1,2018,0.6251700680272109
False,59.99,False,0,True,True,False,96.0,7794,685,4392,54771,17,2,54,Self-Published,1,2018,0.9684827163707402
False,19.99,False,0,True,True,False,66.0,336,0,195,15,17,3,41,Publisher-Backed,1,2018,0.7022738842694722
False,5.99,False,60,True,False,False,,89,9,54,41,0,0,12,Self-Published,1,2018,0.8925879396984925
False,24.99,False,0,True,True,True,77.0,1376,0,602,53,0,0,0,Self-Published,1,2018,0.8723665371241562
False,29.99,False,0,True,False,False,74.0,1160,877,730,173,17,9,56,Publisher-Backed,1,2018,0.8012062401024294
False,19.99,False,0,True,True,True,79.0,252,0,119,1,0,1,29,Self-Published,1,2018,0.9412665985699693
False,9.99,False,0,True,False,False,79.0,1180,402,774,354,0,0,0,Self-Published,1,2018,0.8606410511646426
False,19.99,False,0,True,False,False,86.0,852,182,623,566,17,1,70,Self-Published,1,2018,0.8715312417289329
False,24.99,False,0,True,True,True,83.0,529,0,129,5,0,1,18,Publisher-Backed,1,2018,0.9164785553047404
False,4.99,False,0,True,False,False,,316,0,181,26,0,0,0,Self-Published,1,2009,0.9174535485836125
False,39.99,False,0,True,False,False,70.0,1001,0,440,52,0,3,64,Publisher-Backed,1,2018,0.7650194117259985
False,7.99,False,0,True,False,False,55.0,236,31,142,18,0,2,24,Publisher-Backed,1,2018,0.5838769230769231
False,7.99,False,80,True,False,False,81.0,477,0,462,145,17,1,35,Publisher-Backed,1,2019,0.9344405317090194
False,19.99,False,0,True,True,False,88.0,1349,74,444,2080,0,3,42,Self-Published,1,2018,0.9628495731527819
False,9.74,False,35,True,False,False,,1189,0,676,220,0,1,155,Publisher-Backed,1,2018,0.9016640908600798
False,19.99,False,0,True,False,False,77.0,302,0,47,1,0,2,35,Publisher-Backed,1,2018,0.8791808873720136
False,9.99,False,0,True,False,False,85.0,476,31,193,77,17,0,0,Publisher-Backed,1,2018,0.7658727801864941
False,39.99,False,0,True,False,False,,512,152,383,127,0,0,30,Self-Published,1,2018,0.9301457725947522
False,29.99,False,0,True,False,False,75.0,530,0,191,76,17,10,35,Self-Published,1,2018,0.8217573221757322
False,4.49,False,85,True,False,False,,645,0,268,43,0,4,71,Publisher-Backed,1,2018,0.7838332353133373
False,9.99,False,0,True,False,False,,647,0,152,3,0,2,36,Publisher-Backed,1,2018,0.5630630630630631
False,4.99,False,0,True,False,False,,113,0,88,1,0,0,0,Self-Published,1,2018,0.5668979187314173
False,14.99,False,0,True,True,True,,421,0,293,4,0,2,31,Self-Published,1,2018,0.6543428027728694
False,12.99,False,0,True,False,False,,322,0,160,60,0,1,48,Self-Published,1,2019,0.9006746322035276
False,9.99,False,0,True,True,True,61.0,637,0,226,3,0,0,31,Self-Published,1,2015,0.7997772208298524
False,1.99,False,0,True,False,False,,268,0,271,0,0,0,0,Publisher-Backed,1,2018,0.7725631768953068
False,19.99,False,0,True,False,False,70.0,481,0,103,12,17,3,47,Publisher-Backed,1,2018,0.6099318555651289
False,6.24,False,75,True,False,False,76.0,454,0,320,18,0,0,56,Publisher-Backed,1,2018,0.8653366583541147
False,19.99,False,0,True,True,True,,1258,0,1556,134,0,2,320,Publisher-Backed,1,2018,0.9440870856011875
False,4.99,False,75,True,False,False,,696,160,285,76,0,10,70,Publisher-Backed,1,2018,0.8914311863631164
False,59.99,False,0,True,False,False,88.0,2734,42,1583,6767,17,0,34,Publisher-Backed,1,2018,0.9528510337208365
False,9.99,False,0,True,False,False,88.0,543,0,203,10,17,0,0,Publisher-Backed,1,2010,0.0
False,19.99,False,0,True,False,False,,1303,0,288,145,0,2,34,Self-Published,1,2018,0.7307692307692307
False,6.24,False,75,True,False,False,,279,0,266,27,0,2,41,Self-Published,1,2018,0.911492948614038
False,4.99,False,0,True,False,True,,0,0,0,0,0,0,8,Self-Published,1,2018,0.95
False,0.71,False,88,True,True,True,,110,0,140,7,0,1,10,Publisher-Backed,1,2018,0.8813122005160339
False,49.99,False,0,True,False,False,,1190,0,1022,503,0,8,37,Publisher-Backed,1,2018,0.6283528864540803
False,14.99,False,0,True,False,True,,3241,1112,781,1806,0,0,230,Publisher-Backed,1,2018,0.9073071718538566
False,4.99,False,0,True,False,False,,563,0,175,690,0,0,8,Self-Published,1,2018,0.8981389578163772
False,19.99,False,0,True,True,False,65.0,278,0,159,197,0,0,0,Publisher-Backed,1,2018,0.756604630049932
False,44.99,False,0,True,True,False,84.0,1397,262,261,687,0,11,32,Self-Published,1,2018,0.9125330828993427
False,2.99,False,85,True,False,False,80.0,1234,0,345,115,0,0,48,Publisher-Backed,1,2018,0.9080851943755169
False,14.99,False,0,True,True,True,84.0,1493,0,267,195,0,3,29,Publisher-Backed,1,2018,0.9397114861186717
False,9.99,False,0,True,False,False,68.0,164,0,168,6,0,0,16,Publisher-Backed,1,2018,0.9404809888485826
False,3.74,False,85,True,False,False,,1683,1,131,241,0,0,58,Publisher-Backed,1,2018,0.743158905424868
False,6.99,False,0,True,True,False,75.0,259,0,276,2,0,1,17,Publisher-Backed,1,2018,0.8768077129084092
False,9.99,False,0,True,False,True,88.0,7414,407,366,6187,0,0,147,Self-Published,1,2018,0.9626414390289408
False,39.99,False,0,True,False,False,,3100,57,1789,996,0,27,54,Self-Published,1,2018,0.8982687139315403
False,8.99,False,0,True,False,False,,510,583,299,30,0,0,9,Self-Published,1,2018,0.985869631996068
False,9.99,False,0,True,True,False,,1037,0,848,38,0,3,62,Self-Published,1,2018,0.9320652173913043
False,17.99,False,40,True,False,False,82.0,919,0,413,47,0,0,43,Publisher-Backed,1,2018,0.905649874756471
False,7.49,False,75,True,False,False,,44,0,34,2,17,0,21,Publisher-Backed,1,2018,0.9052178075634275
False,29.99,False,0,True,False,False,81.0,2848,65,721,764,0,9,38,Self-Published,1,2018,0.803048128342246
False,1.99,False,0,True,False,False,,234,0,227,0,0,0,45,Publisher-Backed,1,2018,0.7234375
False,2.99,False,80,True,True,True,71.0,150,0,74,2,0,1,34,Self-Published,1,2018,0.9160063391442155
False,19.99,False,0,True,False,False,85.0,2528,0,594,7,0,0,25,Publisher-Backed,1,2018,0.7580364900086881
False,11.99,False,0,True,True,False,70.0,83,0,52,1,0,1,0,Self-Published,1,2018,0.8683431952662722
False,49.99,False,0,True,False,False,82.0,1734,42,381,1026,18,27,58,Publisher-Backed,1,2018,0.8810135395790405
False,24.99,False,0,True,True,False,73.0,807,161,326,36,0,3,26,Publisher-Backed,1,2018,0.829298418972332
False,9.99,False,0,True,False,False,61.0,264,0,174,27,16,0,71,Self-Published,1,2019,0.7756126365515206
False,22.49,False,25,True,False,False,,562,0,498,66,0,0,22,Self-Published,1,2018,0.7556440903054449
False,12.99,False,0,True,False,False,,0,0,0,0,0,0,0,Self-Published,1,2018,0.3076923076923077
False,14.99,False,75,True,False,False,62.0,648,16,203,57,17,4,70,Publisher-Backed,1,2018,0.7672394387333984
False,3.99,False,0,True,False,False,,0,0,0,0,0,0,0,Self-Published,1,2018,0.5882352941176471
False,34.99,False,0,True,True,False,72.0,684,0,181,99,0,6,88,Publisher-Backed,1,2018,0.8753514526710403
False,9.99,False,75,True,True,False,87.0,796,0,299,103,0,0,2,Self-Published,1,2018,0.8485504567777367
False,0.49,False,90,True,False,False,,338,0,303,67,0,1,500,Self-Published,1,2017,0.8329907502569374
False,34.99,False,0,True,True,True,87.0,12804,581,3241,19211,0,10,0,Self-Published,1,2018,0.979569345943558
False,1.99,False,0,True,False,False,,278,0,245,0,0,1,5,Publisher-Backed,1,2018,0.7355666429080542
False,2.99,False,90,True,False,False,,0,0,0,0,0,2,45,Publisher-Backed,1,2018,0.0
False,0.99,False,0,True,False,False,,553,0,47,14,0,1,0,Self-Published,1,2018,0.8799563477628228
False,49.99,False,0,True,True,False,81.0,1886,0,804,331,0,8,58,Self-Published,1,2018,0.867561059511524
False,17.99,False,0,True,True,True,,1164,0,127,45,0,1,31,Publisher-Backed,1,2018,0.8637814120462705
False,0.81,False,59,True,False,False,,101,0,32,1,0,3,43,Self-Published,1,2018,0.5758873929008568
False,14.99,False,0,True,True,True,76.0,223,0,220,9,0,0,14,Self-Published,1,2015,0.8283082077051926
False,1.99,False,0,True,False,False,,311,0,318,2,0,1,52,Self-Published,1,2018,0.6455223880597015
False,39.99,False,0,True,False,False,,686,289,396,140,0,2,23,Self-Published,1,2018,0.9800552775080302
False,29.99,False,0,True,False,False,,211,0,127,5,0,0,44,Publisher-Backed,1,2018,0.8218724109362054
False,14.99,False,0,True,False,False,78.0,756,0,110,66,0,0,0,Publisher-Backed,1,2018,0.916030534351145
False,29.99,False,0,True,False,False,,733,0,452,1,0,1,70,Publisher-Backed,1,2018,0.6916519694297472
False,3.99,False,80,True,False,False,,834,230,243,280,0,4,62,Publisher-Backed,1,2018,0.9112107385398981
False,9.99,False,0,True,False,False,,649,0,110,24,0,1,0,Self-Published,1,2018,0.5279710548288339
False,19.99,False,0,True,False,False,63.0,451,0,164,7,0,0,0,Publisher-Backed,1,2018,0.55783212161269
False,14.99,False,0,True,True,True,85.0,860,18,477,36,0,0,29,Self-Published,1,2018,0.9267738269199546
False,19.99,False,0,True,False,True,83.0,323,0,281,13,0,1,44,Publisher-Backed,1,2018,0.9341749323715058
False,10.99,False,0,True,False,False,,161,0,206,2,0,0,49,Publisher-Backed,1,2022,0.9335537190082644
False,0.49,False,51,True,True,True,,268,0,271,0,0,0,24,Publisher-Backed,1,2018,0.6696165191740413
False,4.99,False,0,True,False,False,,194,0,129,0,0,0,0,Publisher-Backed,1,2018,0.18118081180811807
False,29.99,False,0,True,True,True,,641,0,106,164,0,3,32,Publisher-Backed,1,2018,0.9116271299699298
False,29.99,False,0,True,False,False,89.0,941,0,407,22,17,0,0,Publisher-Backed,1,2018,0.9367165632225873
False,14.99,False,0,True,False,False,82.0,1152,0,188,208,0,0,0,Self-Published,1,2018,0.8750328860826099
False,24.99,False,0,True,False,False,,549,0,363,44,0,0,42,Publisher-Backed,1,2018,0.7698470502549163
False,19.99,False,0,True,False,False,,0,0,0,0,0,0,0,Publisher-Backed,1,2018,0.6754772393538914
False,4.99,False,0,True,False,False,,403,0,30,54,0,0,0,Publisher-Backed,1,2018,0.8996005326231691
False,19.99,False,0,True,True,False,,1322,169,726,2464,0,6,15,Self-Published,1,2018,0.9380020778156597
False,19.99,False,0,True,True,False,83.0,1036,0,496,1099,0,9,43,Publisher-Backed,1,2018,0.95061076262793
False,24.99,False,0,True,True,True,,384,10,159,7,0,0,22,Self-Published,1,2018,0.9490472245236122
False,29.99,False,0,True,False,False,80.0,1308,0,829,178,0,4,39,Self-Published,1,2018,0.8732737611697806
False,29.99,False,0,True,True,True,71.0,2112,0,502,91,0,0,53,Publisher-Backed,1,2018,0.8332400671516508
False,6.24,False,75,True,True,False,93.0,2256,211,1062,2253,0,1,49,Self-Published,1,2018,0.9824409006902813
False,19.99,False,0,True,False,False,,553,0,247,37,0,1,46,Publisher-Backed,1,2018,0.8171336097906342
False,9.99,False,0,True,False,False,76.0,257,0,181,3,0,0,0,Publisher-Backed,1,2018,0.8584873949579832
False,29.99,False,0,True,False,False,,2389,0,264,83,0,2,32,Publisher-Backed,1,2018,0.7719676549865229
False,29.99,False,0,True,False,False,86.0,915,108,352,1173,0,5,50,Publisher-Backed,1,2018,0.9544709354068106
False,39.99,False,0,True,False,False,,743,0,532,26,17,2,0,Publisher-Backed,1,2018,0.6562609610662925
False,8.99,False,55,True,False,False,,352,0,397,4,0,1,25,Publisher-Backed,1,2018,0.9300460418832616
False,2.49,False,75,True,True,True,92.0,787,23,396,3331,0,1,0,Self-Published,1,2018,0.96757434086146
False,7.49,False,75,True,False,False,83.0,437,0,198,73,17,1,14,Publisher-Backed,1,2018,0.9011868466898955
False,19.99,False,0,True,False,False,64.0,993,0,1465,1,0,0,123,Self-Published,1,2018,0.5016181229773463
False,14.99,False,0,True,False,False,68.0,671,0,233,49,17,2,50,Publisher-Backed,1,2018,0.9108905928932992
False,3.99,False,0,True,True,True,,354,0,369,3,0,0,1,Self-Published,1,2018,0.5497835497835498
False,0.99,False,0,True,False,False,,0,0,0,0,0,0,0,Publisher-Backed,1,2018,1.0
False,19.99,False,0,True,True,False,75.0,201,0,167,2,0,1,12,Publisher-Backed,1,2018,0.8026020637056976
False,3.49,False,30,True,False,False,,231,0,220,1,0,0,0,Publisher-Backed,1,2018,0.5337016574585636
False,24.99,False,0,True,False,False,64.0,180,0,133,13,0,0,16,Publisher-Backed,1,2018,0.5746624305003971
False,1.99,False,0,True,False,False,,0,0,0,0,0,0,0,Self-Published,1,2018,0.3333333333333333
False,19.99,False,0,True,False,False,59.0,1422,1083,432,89,0,0,36,Publisher-Backed,1,2018,0.7504364452572949
False,2.99,False,80,True,False,False,,198,0,160,17,0,1,40,Publisher-Backed,1,2018,0.8847517730496454
False,19.99,False,0,True,False,False,,0,0,0,1,0,0,0,Self-Published,1,2018,1.0
False,19.99,False,50,True,False,False,81.0,3835,250,1248,7084,0,7,165,Publisher-Backed,1,2018,0.8601335476690986
False,29.99,False,0,True,False,False,88.0,2056,0,2344,149,0,3,87,Publisher-Backed,1,2018,0.954610405984702
False,24.99,False,0,True,False,False,,619,0,920,71,0,2,84,Self-Published,1,2018,0.758046614872364
False,9.99,False,0,True,False,False,71.0,2252,0,200,11,0,0,41,Publisher-Backed,1,2018,0.9440630048465266
False,19.99,False,0,True,True,True,,967,29,476,296,0,2,30,Self-Published,1,2018,0.9588179605085204
False,59.99,False,0,True,False,False,76.0,995,0,454,199,17,2,47,Publisher-Backed,1,2018,0.8815886246629075
False,39.99,False,0,True,False,False,77.0,2016,71,461,1479,0,9,0,Publisher-Backed,1,2019,0.9253267596230388
False,4.99,False,0,True,False,False,,490,0,166,9,0,0,152,Self-Published,1,2018,0.9793751150942238
False,14.99,False,75,True,True,True,86.0,12854,1321,4359,16842,0,32,138,Publisher-Backed,1,2018,0.7270353251347428
False,4.74,False,75,True,False,False,,0,0,0,0,0,2,35,Publisher-Backed,1,2018,0.7692307692307693
False,0.99,False,80,True,False,False,59.0,395,0,224,4,0,0,14,Publisher-Backed,1,2018,0.7498255408234473
False,29.99,False,0,True,False,False,,276,129,159,83,0,0,40,Self-Published,1,2018,0.7601768562280835
False,4.49,False,70,True,False,False,77.0,419,0,236,12,0,7,0,Publisher-Backed,1,2018,0.9169440242057488
False,14.99,False,0,True,True,False,,3085,0,4588,3,0,2,79,Publisher-Backed,1,2018,0.8496986884083658
False,6.99,False,0,True,False,False,,295,0,29,15,0,0,0,Publisher-Backed,1,2018,0.878021978021978
False,19.99,False,0,True,False,False,69.0,1016,326,564,515,16,5,70,Self-Published,1,2018,0.7856907894736842
False,4.99,False,0,True,True,True,,244,0,273,0,0,0,32,Self-Published,1,2018,0.7146596858638743
False,59.99,False,0,True,False,False,,4028,0,3596,233,17,1,56,Publisher-Backed,1,2018,0.9441690581789721
False,24.99,False,0,True,True,False,,689,174,536,517,0,5,60,Publisher-Backed,1,2018,0.958172223991266
False,19.99,False,0,True,False,True,53.0,662,0,610,0,0,0,50,Publisher-Backed,1,2018,0.7368212445501388
False,14.99,False,0,True,True,True,,829,47,288,437,17,1,29,Publisher-Backed,1,2018,0.941576372422487
False,19.99,False,0,True,False,False,,537,0,244,160,0,11,45,Publisher-Backed,1,2018,0.5663911269226745
False,6.99,False,0,True,False,False,,323,0,288,2,0,0,0,Publisher-Backed,1,2018,0.7659574468085106
False,29.99,False,0,True,False,False,,6245,29,491,503,0,785,1384,Publisher-Backed,1,2018,0.7100791144854011
False,0.74,False,75,True,False,False,,428,0,62,2,0,0,10,Self-Published,1,2018,0.9582828457676995
False,29.99,False,0,True,False,False,,3108,0,499,88,0,0,0,Self-Published,1,2018,0.7730991337824832
False,0.49,False,90,True,False,False,,39,0,15,169,0,1,15,Self-Published,1,2018,0.8382352941176471
False,19.99,False,0,True,False,False,,763,0,337,37,0,0,20,Self-Published,1,2018,0.901910531220876
False,24.99,False,0,True,False,False,76.0,1355,584,731,374,0,4,126,Publisher-Backed,1,2018,0.6882114455013254
False,19.99,False,0,True,False,False,76.0,290,0,180,55,0,0,63,Publisher-Backed,1,2018,0.7847473784556721
False,2.49,False,90,True,True,True,,961,0,1093,8,0,1,44,Publisher-Backed,1,2019,0.8678970373967946
False,19.99,False,0,True,False,True,84.0,928,242,527,907,0,0,50,Self-Published,1,2018,0.9519864048929855
False,49.99,False,0,True,False,False,,853,1271,435,86,0,1,43,Publisher-Backed,1,2018,0.8629242819843342
False,19.99,False,0,True,True,False,,321,1,360,22,0,2,22,Publisher-Backed,1,2018,0.6992273730684326
False,9.99,False,0,True,True,False,70.0,221,0,44,4,0,5,100,Publisher-Backed,1,2018,0.8912780133252575
False,19.99,False,0,True,False,False,91.0,1097,0,369,193,17,0,59,Publisher-Backed,1,2018,0.9212088888888889
False,9.99,False,0,True,True,True,,1408,0,507,214,0,0,74,Self-Published,1,2018,0.9728964401294499
False,2.99,False,0,True,True,True,,306,0,282,0,0,1,9,Self-Published,1,2018,0.6867088607594937
False,17.99,False,60,True,False,False,,8034,2559,893,8535,0,15,69,Self-Published,1,2018,0.7465905543415243
False,19.99,False,0,True,False,False,,526,84,415,108,0,0,13,Publisher-Backed,1,2018,0.9680009175364147
False,14.99,False,0,True,True,True,72.0,390,0,470,0,0,1,30,Publisher-Backed,1,2018,0.9122807017543859
False,4.99,False,0,True,False,False,,168,0,173,0,0,0,10,Publisher-Backed,1,2018,0.584958217270195
False,39.99,False,0,True,False,False,,1010,1,864,196,0,1,29,Publisher-Backed,1,2018,0.8646448449713995
False,6.99,False,0,True,False,False,,465,0,310,237,0,0,28,Publisher-Backed,1,2018,0.8179960916681471
False,19.99,False,0,True,False,False,,281,0,194,1,0,8,36,Publisher-Backed,1,2018,0.8296976655185611
False,14.99,False,0,True,True,False,80.0,674,341,610,199,17,0,40,Publisher-Backed,1,2018,0.9648218970258226
False,39.99,False,0,True,False,False,81.0,1458,0,561,527,17,4,68,Publisher-Backed,1,2018,0.908141702921069
False,19.99,False,0,True,True,True,76.0,663,0,241,15,0,4,48,Self-Published,1,2018,0.9304564907275321
False,19.99,False,0,True,False,False,86.0,1309,0,970,188,17,0,0,Publisher-Backed,1,2018,0.8932950261684295
False,12.99,False,0,True,True,False,76.0,239,0,200,24,0,2,24,Self-Published,1,2018,0.9492322712345789
False,1.49,False,90,True,True,True,81.0,396,0,266,27,0,4,47,Self-Published,1,2018,0.935129740518962
False,19.99,False,0,True,True,True,76.0,330,0,239,0,12,0,26,Self-Published,1,2018,0.7036273701566365
False,3.74,False,75,True,False,False,59.0,492,0,528,18,0,0,40,Self-Published,1,2018,0.5496011964107677
False,9.99,False,0,True,True,True,78.0,310,0,332,2,0,2,0,Publisher-Backed,1,2018,0.7654462242562929
False,7.99,False,80,True,True,True,,1487,0,782,232,0,1,137,Publisher-Backed,1,2018,0.701844914116067
False,24.99,False,0,True,True,False,,3046,157,1571,182,0,5,35,Self-Published,1,2018,0.8371941697032795
False,9.99,False,0,True,False,False,89.0,371,0,59,89,16,0,0,Publisher-Backed,1,2018,0.9416163618343995
False,19.99,False,0,True,False,False,,328,0,198,121,0,8,46,Self-Published,1,2018,0.8207131218249785
False,29.99,False,0,True,False,False,,133,0,153,37,0,2,59,Self-Published,1,2018,0.6868008948545862
False,9.99,False,0,True,False,False,,210,0,170,14,0,3,20,Publisher-Backed,1,2018,0.9701539926972536
False,14.99,False,0,True,True,True,,285,0,212,2,0,1,14,Publisher-Backed,1,2018,0.8813056379821959
False,19.99,False,0,True,False,False,76.0,356,0,215,15,0,3,33,Self-Published,1,2018,0.9097836774827925
False,1.99,False,75,True,False,False,,95,0,101,12,0,1,14,Self-Published,1,2018,0.9079401611047181
False,2.24,False,85,True,False,False,,1125,45,249,99,0,0,12,Publisher-Backed,1,2018,0.9475583864118896
False,4.99,False,0,True,False,False,,0,0,0,0,0,0,0,Self-Published,1,2018,0.75
False,12.49,False,50,True,False,False,88.0,282,0,314,15,0,1,17,Publisher-Backed,1,2018,0.94831013916501
False,9.99,False,0,True,False,False,,288,0,156,2,0,1,36,Self-Published,1,2018,0.8728149487643159
False,12.99,False,0,True,False,False,,185,0,40,6,0,0,18,Publisher-Backed,1,2018,0.6978540772532189
False,12.99,False,0,True,True,True,67.0,424,0,386,0,0,1,10,Self-Published,1,2018,0.7382339757956073
False,7.99,False,80,True,False,False,66.0,553,0,320,46,0,1,42,Publisher-Backed,1,2018,0.8570362473347548
False,19.99,False,0,True,True,False,76.0,221,0,81,6,0,1,40,Self-Published,1,2018,0.7290155440414507
False,4.99,False,0,True,False,False,78.0,763,0,342,205,0,0,14,Publisher-Backed,1,2018,0.9504950495049505
False,34.99,False,0,True,False,False,,2669,3049,272,232,0,7,50,Self-Published,1,2018,0.8547976224172091
False,14.99,False,0,True,False,False,,347,0,406,8,0,2,37,Publisher-Backed,1,2018,0.9224698235840297
False,9.99,False,0,True,False,False,,254,18,75,80,17,0,13,Publisher-Backed,1,2018,0.9558951018638925
False,4.99,False,0,True,True,True,,163,0,107,7,0,1,15,Publisher-Backed,1,2018,0.8852768852768853
False,19.99,False,0,True,True,False,79.0,293,0,223,2,0,1,31,Self-Published,1,2018,0.8953389830508475
False,14.99,False,0,True,True,True,76.0,282,0,209,56,0,1,19,Publisher-Backed,1,2018,0.935117173837006
False,1.99,False,0,True,False,False,,229,0,234,0,0,0,12,Publisher-Backed,1,2018,0.6515151515151515
False,7.99,False,0,True,False,False,62.0,208,0,136,30,0,0,0,Self-Published,1,2018,0.9057865409344192
False,19.99,False,0,True,True,True,,334,0,118,15,0,0,10,Publisher-Backed,1,2018,0.931909212283044
False,19.99,False,0,True,True,True,,1736,1347,414,2575,0,4,87,Self-Published,1,2018,0.9046946480124362
False,9.99,False,0,True,False,False,59.0,208,0,154,20,0,0,58,Self-Published,1,2018,0.8110318592486924
False,4.99,False,0,True,True,True,,116,0,14,66,0,0,0,Self-Published,1,2018,0.8699931334401465
False,0.99,False,0,True,False,False,,351,0,262,0,0,0,0,Self-Published,1,2018,0.598705501618123
False,1.99,False,0,True,True,True,81.0,123,0,98,0,0,2,65,Self-Published,1,2018,0.8278114792347177
False,1.99,False,80,True,True,True,77.0,765,1,287,25,0,1,15,Publisher-Backed,1,2018,0.9332343212043476
False,20.99,False,30,True,False,False,,297,0,401,126,0,2,28,Publisher-Backed,1,2018,0.8696522391793845
False,0.83,False,94,True,True,True,75.0,331,0,147,138,1,2,60,Publisher-Backed,1,2018,0.9170000360399323
False,4.99,False,0,True,False,False,84.0,4,0,5,0,0,0,0,Self-Published,1,2018,0.806966618287373
False,29.99,False,0,True,True,False,,6785,455,2606,13431,0,11,45,Self-Published,1,2018,0.8363067758749069
False,29.99,False,0,True,True,True,83.0,722,0,368,74,0,4,34,Self-Published,1,2018,0.9447089947089947
False,19.99,False,0,True,False,False,,640,416,448,50,0,1,38,Self-Published,1,2018,0.9684959838391611
False,14.99,False,0,True,False,False,,132,0,74,2,0,0,30,Publisher-Backed,1,2018,0.8037940379403794
False,9.99,False,0,True,False,False,,221,0,91,5,0,0,0,Publisher-Backed,1,2018,0.4971751412429379
False,19.99,False,0,True,False,False,84.0,205,0,251,4,0,0,39,Self-Published,1,2018,0.8704663212435233
False,9.99,False,0,True,False,False,,323,0,253,1,0,2,52,Self-Published,1,2018,0.7367205542725174
False,1.99,False,0,True,False,False,,190,0,211,0,0,0,0,Publisher-Backed,1,2018,0.41055718475073316
False,2.99,False,0,True,False,False,,184,0,205,0,0,0,0,Publisher-Backed,1,2018,0.4900900900900901
False,15.99,False,0,True,True,True,73.0,1917,0,341,32,0,5,33,Self-Published,1,2018,0.8538158366176998
False,19.99,False,0,True,True,True,,415,0,94,21,0,5,55,Publisher-Backed,1,2018,0.8225464815250647
False,49.99,False,0,True,False,False,,1892,633,480,886,0,0,197,Self-Published,1,2018,0.8367534859247566
False,19.99,False,0,True,True,True,,4571,876,1699,14439,0,1,0,Publisher-Backed,1,2018,0.9432264699056475
False,19.99,False,0,True,True,True,73.0,223,0,84,12,0,3,35,Publisher-Backed,1,2018,0.7526768843166072
False,19.99,False,0,True,False,False,,168,0,120,44,0,10,30,Publisher-Backed,1,2018,0.9202035597117099
False,3.99,False,90,True,False,False,72.0,637,0,211,267,0,1,28,Publisher-Backed,1,2018,0.7731842057598262
False,14.99,False,50,True,False,False,,460,0,624,386,0,0,0,Publisher-Backed,1,2018,0.9111969111969112
False,2.99,False,0,True,False,False,,206,0,213,2,0,2,48,Self-Published,1,2018,0.7590879759087976
False,8.99,False,40,True,True,True,,260,241,162,131,0,0,0,Publisher-Backed,1,2023,0.8668420520084994
False,19.99,False,0,True,False,False,75.0,317,0,248,41,17,0,30,Publisher-Backed,1,2018,0.7590662417090188
False,4.99,False,0,True,False,False,84.0,39,0,8,0,0,0,0,Self-Published,1,2018,0.8051529790660226
False,14.99,False,0,True,True,False,75.0,465,64,322,422,0,2,65,Publisher-Backed,1,2018,0.9205821513002365
False,9.99,False,0,True,False,False,74.0,120,287,91,2,0,0,19,Publisher-Backed,1,2018,0.9175475687103594
False,9.99,False,0,True,False,False,,1480,0,620,4,0,0,30,Publisher-Backed,1,2018,0.6227045075125208
False,4.99,False,0,True,False,False,73.0,270,0,164,42,0,0,5,Self-Published,1,2018,0.9778942649239577
False,29.99,False,0,True,True,False,74.0,12797,535,834,7181,17,21,123,Self-Published,1,2018,0.9042024401265251
False,2.99,False,80,True,True,True,,710,80,174,269,0,0,72,Publisher-Backed,1,2018,0.9282898241875333
False,14.99,False,0,True,True,False,,2264,0,865,23,0,7,16,Self-Published,1,2018,0.9246145059965734
False,29.99,False,0,True,False,False,,215,0,211,0,0,1,12,Publisher-Backed,1,2018,0.705
False,19.99,False,0,True,True,True,,753,0,851,5,0,0,37,Self-Published,1,2018,0.9115934356802541
False,19.99,False,0,True,True,True,79.0,1767,424,880,428,0,7,78,Publisher-Backed,1,2018,0.881746089136356
False,11.99,False,70,True,False,False,,483,0,196,27,0,2,38,Publisher-Backed,1,2018,0.718034617532105
False,39.99,False,0,True,False,False,91.0,2476,556,1488,3748,0,27,46,Self-Published,1,2018,0.9770565962973562
False,14.99,False,0,True,False,False,,549,0,333,189,0,0,23,Publisher-Backed,1,2018,0.7765654648956357
False,14.99,False,0,True,True,True,,1760,0,739,136,0,0,83,Self-Published,1,2018,0.9587803500846979
False,14.99,False,0,True,False,False,,567,133,201,172,10,0,13,Self-Published,1,2018,0.8827678571428571
False,1.99,False,0,True,True,True,84.0,36,0,24,0,0,1,30,Publisher-Backed,1,2018,0.9372093023255814
False,19.99,False,0,True,False,False,47.0,194,0,81,1,0,1,10,Self-Published,1,2018,0.7589116220206708
False,9.99,False,0,True,False,False,,243,0,258,10,0,0,26,Publisher-Backed,1,2018,0.2432775240994419
False,4.99,False,0,True,False,False,,304,2182,127,3,0,0,52,Publisher-Backed,1,2018,0.685069008782936
False,1.74,False,65,True,True,False,,641,57,510,38,0,1,22,Self-Published,1,2018,0.8530878404296126
False,2.99,False,0,True,True,True,,623,233,389,296,0,0,0,Self-Published,1,2018,0.8402078693392725
False,29.99,False,0,True,False,False,,437,0,248,29,0,1,15,Publisher-Backed,1,2019,0.9603626735136003
False,1.74,False,93,True,True,True,78.0,1538,5,646,43,0,5,61,Publisher-Backed,1,2018,0.8379149377593361
False,24.99,False,0,True,False,False,81.0,1102,0,497,91,0,2,37,Publisher-Backed,1,2018,0.8640708320756615
False,1.99,False,0,True,True,False,,306,0,317,1,0,0,0,Publisher-Backed,1,2018,0.2807017543859649
False,14.99,False,0,True,True,False,74.0,365,0,175,10,0,0,63,Self-Published,1,2018,0.7966183574879228
False,19.99,False,0,True,False,False,,13481,844,1448,44886,17,37,297,Self-Published,1,2018,0.7905297936820134
False,24.99,False,0,True,False,False,,266,0,196,9,0,0,76,Self-Published,1,2018,0.7373029772329247
False,3.99,False,0,True,True,False,,321,0,334,111,0,0,50,Self-Published,1,2018,0.9545143638850889
False,4.24,False,83,True,False,False,77.0,1019,0,133,26,0,7,44,Publisher-Backed,1,2018,0.8299295774647887
False,9.99,False,0,True,False,False,,0,0,0,0,0,0,0,Publisher-Backed,1,2018,0.6666666666666666
False,19.99,False,0,True,True,False,80.0,412,83,199,364,17,0,65,Publisher-Backed,1,2018,0.8231982561831694
False,19.99,False,0,True,False,False,,1397,0,1310,205,0,3,44,Publisher-Backed,1,2018,0.9300810424280948
False,9.89,False,34,True,False,False,86.0,241,0,125,76,17,0,0,Self-Published,1,2018,0.9489559164733179
False,2.49,False,75,True,False,False,72.0,47,0,33,0,17,0,0,Publisher-Backed,1,2018,0.9307181889149102
False,39.99,False,0,True,False,False,84.0,2464,265,1751,2879,17,0,41,Publisher-Backed,1,2018,0.9215229816162538
False,14.99,False,0,True,False,False,79.0,630,0,657,50,0,1,30,Self-Published,1,2018,0.9192471824050772
False,1.99,False,0,True,False,False,,263,0,130,2,0,0,640,Self-Published,1,2018,0.9725510602315598
False,23.99,False,0,True,False,False,81.0,1637,13,523,209,0,3,46,Publisher-Backed,1,2018,0.9278622087132725
False,29.99,False,0,True,True,False,,916,158,352,625,0,2,35,Self-Published,1,2024,0.9512735326688815
False,0.77,False,94,True,True,False,,473,0,155,2,0,0,56,Publisher-Backed,1,2018,0.7195876288659794
False,19.99,False,0,True,False,False,,2699,13,563,2818,0,0,0,Publisher-Backed,1,2010,0.9763661721820718
False,9.99,False,0,True,True,False,,1000,0,383,60,0,0,20,Self-Published,1,2018,0.9334009465855307
False,2.99,False,0,True,False,False,,535,0,2,119,0,0,0,Self-Published,1,2015,0.9038981088382864
False,6.99,False,0,True,False,False,,372,0,397,0,0,0,20,Self-Published,1,2018,0.71875
False,19.99,False,0,True,False,False,,437,0,698,175,0,0,0,Self-Published,1,2018,0.9148053605615827
False,4.49,False,70,True,True,False,,40,0,50,5,0,1,54,Publisher-Backed,1,2018,0.8629213483146068
False,1.99,False,0,True,False,False,,215,0,211,0,0,0,0,Publisher-Backed,1,2018,0.41771315267680104
False,39.99,False,0,True,True,False,69.0,20315,1157,3043,143870,0,5,102,Self-Published,1,2018,0.8724132257791273
False,6.99,False,0,True,False,False,,159,0,16,3,13,0,0,Publisher-Backed,1,2018,0.8398123324396782
False,19.99,False,0,True,False,False,76.0,533,0,646,9,0,1,37,Publisher-Backed,1,2018,0.8834636658401679
False,19.99,False,0,True,False,False,70.0,557,314,323,29,0,1,51,Publisher-Backed,1,2018,0.9256513926325247
False,4.99,False,0,True,False,False,67.0,497,141,728,5,0,0,0,Self-Published,1,2018,0.7431693989071039
False,4.99,False,0,True,False,False,84.0,376,0,291,17,0,1,101,Self-Published,1,2018,0.9488291413703382
False,9.99,False,0,True,True,True,80.0,245,0,253,11,0,1,13,Self-Published,1,2018,0.9173141891891892
False,3.99,False,0,True,False,False,,148,0,105,3,0,1,100,Self-Published,1,2018,0.8452838241570636
False,39.99,False,0,True,True,True,86.0,748,0,316,116,17,5,36,Publisher-Backed,1,2018,0.9666437414030261
False,5.99,False,0,True,True,False,,157,0,146,51,0,1,24,Self-Published,1,2018,0.9476115069939298
False,29.99,False,0,True,False,False,68.0,1321,0,1040,3,0,10,49,Publisher-Backed,1,2018,0.5853504525363081
False,9.99,False,0,True,True,True,79.0,177,0,56,0,0,1,17,Self-Published,1,2018,0.8879528222409435
False,9.99,False,0,True,True,True,,238,0,271,3,0,1,27,Self-Published,1,2018,0.9236311239193083
False,19.99,False,0,True,True,False,,412,0,624,4,17,1,39,Publisher-Backed,1,2018,0.8441275167785235
False,0.99,False,0,True,False,True,,0,0,0,0,0,0,15,Self-Published,1,2018,0.8
False,12.99,False,0,True,True,False,,593,0,710,4,12,0,17,Self-Published,1,2018,0.9530501437240498
False,9.99,False,0,True,False,True,80.0,128,0,45,1,0,0,14,Self-Published,1,2018,0.8932882665379044
False,19.99,False,0,True,False,False,59.0,299,0,181,11,17,0,48,Publisher-Backed,1,2018,0.8574860368746622
False,2.99,False,0,True,False,True,,212,65,136,793,0,0,16,Publisher-Backed,1,2018,0.9602683664604724
False,22.49,False,50,True,True,False,85.0,1106,34,624,525,0,3,71,Self-Published,1,2018,0.7618365082300721
False,9.99,False,0,True,False,False,65.0,131,0,56,23,0,0,0,Publisher-Backed,1,2018,0.8681039949270767
False,5.99,False,0,True,False,False,81.0,109,0,80,24,0,0,0,Publisher-Backed,1,2018,0.8919068736141907
False,2.99,False,0,True,True,True,88.0,247,2,95,12,0,0,6,Self-Published,1,2018,0.9687550656508348
False,7.3,False,66,True,True,False,,1040,0,306,111,0,2,51,Publisher-Backed,1,2018,0.8666208791208792
False,11.24,False,55,True,False,False,66.0,1810,2,237,836,0,5,47,Publisher-Backed,1,2018,0.9411027272512241
False,19.99,False,0,True,True,False,44.0,227,0,212,4,0,0,11,Publisher-Backed,1,2018,0.7172932330827068
False,0.49,False,90,True,False,False,,353,0,334,49,0,1,9,Self-Published,1,2018,0.8515546639919759
False,49.99,False,0,True,False,False,,2268,41,794,854,0,60,274,Self-Published,1,2018,0.8931538831284763
False,5.99,False,85,True,False,False,78.0,588,89,576,686,17,1,43,Publisher-Backed,1,2018,0.8681054110879914
False,19.99,False,0,True,False,True,82.0,1080,0,654,199,0,1,40,Publisher-Backed,1,2021,0.9044862518089725
False,0.49,False,51,True,False,False,,282,0,307,0,0,0,13,Self-Published,1,2018,0.6466876971608833
False,29.99,False,0,True,True,True,72.0,470,0,221,105,0,2,62,Publisher-Backed,1,2018,0.8836731012087318
False,4.99,False,0,True,False,False,,347,0,331,5,0,0,13,Self-Published,1,2017,0.6049382716049383
False,0.99,False,90,True,False,False,72.0,111,0,42,2,0,0,0,Self-Published,1,2018,0.7377666248431619
False,6.99,False,0,True,True,False,,0,0,0,0,0,0,0,Publisher-Backed,1,2018,0.4
False,19.99,False,0,True,False,True,,360,0,257,8,0,0,0,Publisher-Backed,1,2018,0.7020640143583607
False,4.99,False,75,True,False,False,,1937,0,855,60,0,0,42,Publisher-Backed,1,2018,0.4979645008956196
False,3.99,False,80,True,False,False,77.0,596,239,205,251,0,2,90,Publisher-Backed,1,2018,0.7505952380952381
False,9.99,False,0,True,False,False,,147,0,73,4,0,2,24,Publisher-Backed,1,2018,0.8159827636862207
False,0.99,False,0,True,True,True,,304,0,333,1,0,0,25,Publisher-Backed,1,2018,0.7407407407407407
False,17.99,False,0,True,True,True,71.0,812,0,314,45,0,5,37,Publisher-Backed,1,2018,0.9022429906542057
False,7.49,False,50,True,True,True,81.0,4179,171,1031,894,0,1,51,Self-Published,1,2018,0.9226468412307618
False,13.99,False,0,True,False,False,,576,0,93,28,0,3,51,Self-Published,1,2018,0.8683103975535168
False,4.99,False,0,True,True,True,80.0,79,0,27,3,0,0,38,Publisher-Backed,1,2018,0.8787304594978683
False,39.99,False,0,True,False,False,,3927,881,379,221,0,1,48,Publisher-Backed,1,2018,0.9397841661376621
False,19.99,False,0,True,True,True,74.0,298,0,264,10,0,0,39,Self-Published,1,2018,0.8811668811668811
False,0.99,False,0,True,False,False,,248,0,219,0,0,0,17,Publisher-Backed,1,2018,0.49063670411985016
False,14.99,False,0,True,True,True,72.0,545,1,391,21,0,1,19,Self-Published,1,2018,0.9163791687202234
False,59.99,False,0,True,False,False,,2344,0,1687,804,17,2,52,Publisher-Backed,1,2018,0.6946317843820252
False,14.99,False,0,True,False,False,66.0,255,0,149,21,0,0,20,Publisher-Backed,1,2018,0.876845955832543
False,7.99,False,0,True,False,False,,102,0,42,10,0,0,92,Publisher-Backed,1,2018,0.7613953488372093
False,3.24,False,75,True,True,True,,0,0,0,0,17,0,0,Self-Published,1,2018,0.7919799498746867
False,9.99,False,0,True,True,True,74.0,930,0,211,10,0,0,48,Self-Published,1,2018,0.908768536428111
False,9.99,False,0,True,True,True,,369,0,276,1,0,0,8,Self-Published,1,2016,0.9296680497925311
False,12.99,False,0,True,True,True,78.0,184,0,97,2,0,1,39,Publisher-Backed,1,2018,0.8483792262112234
False,14.99,False,0,True,False,False,,160,0,47,12,0,0,23,Self-Published,1,2018,0.847990143231172
False,14.99,False,0,True,True,False,60.0,222,0,190,6,0,4,24,Publisher-Backed,1,2018,0.6976559396106476
False,9.99,False,0,True,True,False,76.0,94,0,84,1,0,1,13,Self-Published,1,2017,0.8697732997481108
False,0.49,False,90,True,True,True,,247,0,244,0,0,0,32,Publisher-Backed,1,2018,0.6535031847133758
False,2.99,False,80,True,True,False,77.0,307,0,308,4,0,1,25,Publisher-Backed,1,2018,0.9353260869565218
False,14.99,False,0,True,False,False,,1397,190,367,84,0,0,0,Self-Published,1,2018,0.8206706625627733
False,9.99,False,0,True,False,False,,187,0,108,29,0,2,0,Self-Published,1,2018,0.8178606237816765
False,19.99,False,0,True,False,False,,339,5,206,34,0,1,27,Publisher-Backed,1,2018,0.9568106312292359
False,29.99,False,0,True,False,False,,249,36,150,167,0,0,83,Publisher-Backed,1,2018,0.9090225563909774
False,1.99,False,0,True,False,False,,207,0,216,0,0,0,0,Publisher-Backed,1,2018,0.43238095238095237
False,9.99,False,50,True,False,False,,298,0,386,9,0,1,15,Self-Published,1,2024,0.9834695393759286
False,9.99,False,0,True,False,False,,304,0,74,50,0,0,0,Publisher-Backed,1,2019,0.9647384189905508
False,14.99,False,0,True,True,False,,334,0,448,0,0,6,50,Publisher-Backed,1,2018,0.6195165622202328
False,44.99,False,0,True,False,False,80.0,1654,492,1418,8175,0,5,65,Publisher-Backed,1,2025,0.8748257839721254
False,24.99,False,0,True,True,False,67.0,1417,224,467,1311,0,10,96,Publisher-Backed,1,2018,0.9416883881274699
False,6.99,False,0,True,True,False,,2680,0,1154,1185,0,1,71,Self-Published,1,2018,0.9693222726561277
False,19.99,False,0,True,False,False,84.0,212,0,49,5,17,0,0,Publisher-Backed,1,2018,0.8577405857740585
False,14.99,False,0,True,False,True,89.0,2289,20,1123,590,17,3,85,Publisher-Backed,1,2018,0.9344666217605558
False,19.99,False,0,True,False,False,,2101,0,414,101,0,2,52,Publisher-Backed,1,2018,0.7874168963839793
False,39.99,False,0,True,True,False,,1130,477,467,1039,0,1,0,Publisher-Backed,1,2018,0.7933266216021861
False,29.99,False,0,True,False,False,,323,0,168,45,0,3,28,Publisher-Backed,1,2018,0.960294304198909
False,14.99,False,0,True,False,False,,1127,269,708,472,0,1,141,Self-Published,1,2018,0.9068937840007134
False,12.99,False,0,True,True,True,,348,0,217,30,0,1,60,Publisher-Backed,1,2018,0.8688104723961297
False,14.99,False,0,True,False,False,,621,1,592,160,0,2,21,Publisher-Backed,1,2018,0.9737720420537354
False,9.99,False,0,True,True,True,61.0,405,0,297,2,0,2,0,Publisher-Backed,1,2018,0.40065861690450055
False,19.79,False,67,True,False,False,82.0,1722,278,840,6851,17,22,50,Publisher-Backed,1,2018,0.8287295876003321
False,9.89,False,67,True,False,False,,1098,0,434,283,0,9,25,Self-Published,1,2018,0.8067500483527819
False,14.99,False,0,True,True,True,,517,0,218,3,0,0,60,Publisher-Backed,1,2018,0.8567854909318324
False,9.99,False,0,True,True,True,,406,0,346,22,0,1,30,Self-Published,1,2018,0.8789871292669278
False,29.99,False,0,True,False,False,,601,0,170,370,0,8,27,Publisher-Backed,1,2018,0.8296943231441049
False,19.99,False,0,True,False,False,,277,37,169,24,0,6,41,Self-Published,1,2018,0.8888485477178423
False,9.99,False,0,True,True,True,71.0,269,0,242,63,17,2,0,Publisher-Backed,1,2018,0.7943573667711599
False,19.99,False,0,True,True,True,81.0,244,0,248,81,0,1,10,Publisher-Backed,1,2018,0.9042327340277317
False,5.99,False,0,True,False,False,,388,0,265,41,0,1,0,Self-Published,1,2018,0.9707859186797099
False,69.99,False,0,True,False,False,,179,0,204,12,17,2,53,Self-Published,1,2018,0.6223784850727856
False,24.99,False,0,True,False,True,84.0,367,37,221,50,0,2,30,Publisher-Backed,1,2018,0.9439918533604889
False,4.99,False,0,True,False,False,34.0,159,0,97,0,0,0,0,Publisher-Backed,1,2018,0.4135932560590095
False,19.99,False,0,True,False,False,77.0,502,0,229,11,0,0,47,Self-Published,1,2018,0.8395624430264357
False,29.99,False,0,True,False,False,83.0,458,0,419,229,0,1,35,Publisher-Backed,1,2018,0.9408020073416663
False,9.99,False,0,True,False,True,90.0,382,156,175,638,0,2,15,Self-Published,1,2018,0.9847137126493043
False,3.99,False,80,True,True,True,79.0,695,0,178,24,0,5,61,Self-Published,1,2018,0.870351345798233
False,29.99,False,0,True,False,False,75.0,382,0,178,18,17,7,56,Publisher-Backed,1,2018,0.5908017089721035
False,19.99,False,0,True,False,False,80.0,388,0,223,42,18,0,50,Publisher-Backed,1,2018,0.8726287262872628
False,4.99,False,80,True,False,False,80.0,128,0,116,58,0,3,40,Publisher-Backed,1,2018,0.7246640029059208
False,4.99,False,0,True,False,False,,776,1,554,731,0,0,13,Self-Published,1,2018,0.9759355454256334
False,2.99,False,85,True,False,False,,641,0,738,4,0,0,16,Self-Published,1,2018,0.6846887778282599
False,9.99,False,0,True,False,False,88.0,426,369,137,87,17,0,0,Publisher-Backed,1,2010,0.9368800188946622
False,39.99,False,0,True,False,False,93.0,711,26,317,99,0,2,43,Publisher-Backed,1,2018,0.9490670700958144
False,24.99,False,0,True,False,False,76.0,200,0,212,3,0,4,29,Publisher-Backed,1,2018,0.8435045317220544
False,26.99,False,10,True,False,False,,4538,1210,1521,2760,0,3,120,Publisher-Backed,1,2018,0.8057984662989371
False,29.99,False,0,True,False,False,,1184,481,801,596,0,2,80,Publisher-Backed,1,2018,0.9795167590153511
False,14.99,False,0,True,False,False,83.0,549,0,261,34,0,4,27,Self-Published,1,2018,0.9289195354624638
False,12.99,False,0,True,True,False,89.0,327,0,332,34,0,1,34,Self-Published,1,2018,0.9776781903542467
False,4.99,False,0,True,False,False,,187,0,98,58,17,0,10,Publisher-Backed,1,2018,0.935064935064935
False,2.24,False,85,True,True,True,86.0,335,36,187,15,0,1,24,Self-Published,1,2018,0.953706675224647
False,29.99,False,0,True,True,True,91.0,4558,2,314,425,0,2,150,Publisher-Backed,1,2018,0.9521613832853026
False,9.99,False,0,True,False,False,86.0,2438,1,137,129,16,0,0,Publisher-Backed,1,2018,0.942723856420889
False,19.99,False,0,True,True,True,82.0,513,0,510,0,0,1,0,Publisher-Backed,1,2018,0.9116523400191022
False,19.99,False,0,True,False,False,72.0,271,158,104,24,17,0,0,Self-Published,1,2018,0.7576299830997117
False,11.24,False,75,True,True,False,93.0,4374,227,1794,3510,0,3,97,Self-Published,1,2018,0.958143106604111
False,29.99,False,0,True,False,False,89.0,1453,154,568,2248,17,32,55,Self-Published,1,2018,0.9598105835095426
False,29.99,False,0,True,False,False,88.0,8549,551,2552,11923,0,200,100,Self-Published,1,2018,0.8801130951174527
False,6.74,False,55,True,False,False,72.0,1024,0,310,20,0,21,45,Publisher-Backed,1,2018,0.9428382620188336
False,14.99,False,0,True,True,True,83.0,1111,0,123,6,0,1,13,Publisher-Backed,1,2018,0.9061913696060038
False,4.99,False,0,True,True,True,63.0,300,0,308,10,0,0,0,Self-Published,1,2018,0.8727329096264145
False,6.99,False,0,True,False,False,90.0,487,0,69,48,17,0,0,Publisher-Backed,1,2018,0.9483919736118747
False,8.99,False,0,True,True,True,,602,0,424,157,0,0,0,Publisher-Backed,1,2018,0.779965257672264
False,59.99,False,0,True,False,False,,432,0,241,46,17,8,46,Publisher-Backed,1,2018,0.6492772001014456
False,3.99,False,80,True,True,True,77.0,195,0,85,4,0,1,23,Self-Published,1,2018,0.872445117335352
False,9.99,False,0,True,False,False,78.0,670,0,174,323,0,0,0,Publisher-Backed,1,2018,0.9457466173738436
False,3.99,False,0,True,False,False,,227,0,211,0,0,0,0,Publisher-Backed,1,2018,0.32684824902723736
False,39.99,False,0,True,False,False,80.0,728,5,277,528,0,2,98,Publisher-Backed,1,2018,0.891097543660372
False,9.99,False,0,True,True,False,,1,0,1,5,0,0,0,Publisher-Backed,1,2018,0.7701149425287356
False,2.99,False,0,True,True,True,,145,0,131,1,0,0,1,Self-Published,1,2018,0.9696185439405873
False,19.99,False,0,True,True,True,75.0,809,0,296,128,0,8,100,Publisher-Backed,1,2018,0.8421742758374061
False,24.99,False,0,True,True,True,88.0,1506,0,462,167,0,0,39,Self-Published,1,2018,0.9083557951482479
False,19.99,False,0,True,True,True,81.0,1290,0,462,166,0,2,41,Publisher-Backed,1,2018,0.9151149576011889
False,14.99,False,0,True,False,False,,670,44,279,140,0,2,54,Self-Published,1,2024,0.9727930203191367
False,14.99,False,0,True,False,False,87.0,142,0,88,6,0,0,10,Publisher-Backed,1,2013,0.9402904057538336
False,59.99,False,0,True,False,False,91.0,5647,350,1605,4409,0,22,47,Publisher-Backed,1,2018,0.5407087181502588
False,6.99,False,0,True,False,False,80.0,168,0,13,3,17,0,0,Publisher-Backed,1,2018,0.577040593627237
False,11.99,False,0,True,True,True,83.0,224,0,182,9,0,1,8,Publisher-Backed,1,2018,0.8194463764084017
False,8.99,False,70,True,False,False,91.0,1716,0,566,958,0,3,80,Publisher-Backed,1,2018,0.9498599261428753
False,1.99,False,80,True,False,False,81.0,1286,0,282,72,0,0,0,Publisher-Backed,1,2018,0.8960716061660865
False,14.99,False,0,True,True,False,,1209,424,683,507,0,0,0,Self-Published,1,2018,0.9394076418720325
False,49.99,False,0,True,False,False,68.0,294,0,180,18,0,10,60,Self-Published,1,2018,0.8420954511558538
False,17.99,False,0,True,True,False,,1061,0,530,204,0,1,40,Publisher-Backed,1,2018,0.9576689309974973
False,2.99,False,0,True,True,True,,332,0,383,0,0,1,36,Self-Published,1,2018,0.8783739837398374
False,14.99,False,0,True,True,True,74.0,2299,212,253,154,0,0,100,Self-Published,1,2018,0.9175068670868336
False,7.99,False,0,True,False,False,,1535,0,412,1120,0,0,8,Self-Published,1,2018,0.8853966217660894
False,2.49,False,75,True,False,False,80.0,45,0,11,9,17,0,0,Publisher-Backed,1,2018,0.3681710213776722
False,17.99,False,0,True,True,False,,926,0,617,13,0,1,20,Self-Published,1,2018,0.87312382739212
False,19.99,False,0,True,False,False,76.0,454,0,203,42,10,1,0,Publisher-Backed,1,2018,0.7494068466839905
False,9.99,False,0,True,True,True,64.0,206,0,142,2,16,0,35,Publisher-Backed,1,2018,0.7046164526206179
False,59.99,False,0,True,True,False,,1881,49,1270,1363,17,3,53,Self-Published,1,2018,0.9209488425264362
False,24.49,False,30,True,False,False,,3283,26,1727,4404,0,3,0,Self-Published,1,2022,0.9417109309477215
False,9.99,False,0,True,False,False,62.0,354,0,172,27,0,2,165,Self-Published,1,2018,0.727378791807104
False,9.99,False,0,True,True,False,81.0,771,0,139,138,0,0,0,Publisher-Backed,1,2018,0.9605124340617935
False,5.99,False,0,True,False,True,,0,0,0,0,0,0,0,Self-Published,1,2018,0.775
False,39.99,False,0,True,False,False,,1394,0,765,158,0,6,57,Publisher-Backed,1,2018,0.9370393820438141
False,12.49,False,50,True,False,False,77.0,167,0,171,5,0,0,11,Self-Published,1,2018,0.9454545454545454
False,11.99,False,0,True,False,False,,563,0,261,277,0,0,20,Self-Published,1,2018,0.9646184965348013
False,14.99,False,0,True,False,False,,213,0,228,1,0,1,12,Publisher-Backed,1,2018,0.7543689320388349
False,12.99,False,0,True,False,False,,0,0,0,0,0,0,64,Self-Published,1,2018,1.0
False,19.99,False,0,True,False,False,78.0,332,0,161,22,0,0,0,Publisher-Backed,1,2018,0.8831739467562678
False,4.99,False,0,True,True,True,88.0,41,0,51,0,0,0,0,Self-Published,1,2018,0.6308871851040526
False,3.99,False,0,True,True,False,,119,0,200,7,0,1,21,Publisher-Backed,1,2018,0.9754509949786127
False,9.99,False,0,True,False,False,70.0,3472,0,322,269,0,0,0,Publisher-Backed,1,2018,0.9248713550600343
False,6.99,False,0,True,False,False,,0,0,0,0,0,0,0,Publisher-Backed,1,2018,0.6666666666666666
False,39.99,False,0,True,False,False,85.0,1517,474,660,1604,0,1,63,Publisher-Backed,1,2018,0.9286618078752911
False,8.99,False,0,True,True,True,,258,0,280,4,0,0,0,Publisher-Backed,1,2018,0.6835637480798771
False,9.99,False,0,True,False,False,77.0,1135,0,368,44,0,0,0,Publisher-Backed,1,2018,0.8880948760833207
False,16.99,False,0,True,False,False,81.0,936,0,138,61,0,1,12,Publisher-Backed,1,2018,0.9031960461285008
False,3.99,False,80,True,False,False,91.0,1013,0,541,655,0,0,64,Publisher-Backed,1,2018,0.9608223089923655
False,0.99,False,0,True,False,False,,252,0,243,0,0,1,0,Publisher-Backed,1,2018,0.6887966804979253
False,7.99,False,60,True,True,True,,492,95,187,376,0,1,19,Publisher-Backed,1,2018,0.850622200099552
False,19.99,False,0,True,False,False,73.0,306,0,142,15,0,3,79,Publisher-Backed,1,2018,0.8793329198539039
False,6.99,False,0,True,False,False,,278,0,286,9,0,0,25,Publisher-Backed,1,2018,0.7571955719557195
False,14.99,False,50,True,False,False,,2629,0,1094,215,0,4,20,Self-Published,1,2018,0.8087597571552472
False,59.99,False,0,True,False,False,78.0,506,34,413,63,17,43,45,Publisher-Backed,1,2018,0.6481222811988666
False,3.99,False,20,True,False,False,,663,156,611,29,0,1,116,Self-Published,1,2018,0.8474987858183585
False,19.99,False,0,True,True,False,,984,0,1414,59,0,6,46,Publisher-Backed,1,2018,0.9407259407259407
False,2.99,False,0,True,True,True,,494,3,284,100,0,1,35,Self-Published,1,2018,0.9724303000753513
False,24.99,False,0,True,False,False,,1292,0,1337,10,0,2,32,Self-Published,1,2018,0.8247850578120368
False,10.99,False,0,True,True,False,84.0,725,0,159,26,0,2,34,Publisher-Backed,1,2018,0.902362029265394
False,1.99,False,0,True,True,True,64.0,165,0,107,2,0,0,18,Publisher-Backed,1,2018,0.9103187466234468
False,23.99,False,60,True,False,False,81.0,2601,547,1096,2183,18,5,24,Self-Published,1,2018,0.5695722793719545
False,34.99,False,0,True,False,False,,892,0,1092,4,0,3,44,Publisher-Backed,1,2018,0.6272669759595108
False,34.99,False,0,True,False,False,,3002,1383,986,1492,0,20,170,Self-Published,1,2018,0.7237848402447314
False,19.96,False,0,True,False,False,79.0,316,0,265,144,0,3,12,Publisher-Backed,1,2018,0.9179195069567654
False,7.49,False,75,True,False,False,,701,378,485,161,0,3,38,Self-Published,1,2018,0.8568486828090606
False,19.99,False,0,True,False,False,52.0,91,0,48,1,17,0,49,Self-Published,1,2018,0.6755426917510854
False,19.99,False,0,True,True,True,81.0,267,0,102,26,0,9,59,Publisher-Backed,1,2018,0.8360471645143178
False,5.99,False,0,True,True,False,83.0,120,0,163,1,0,0,13,Self-Published,1,2018,0.946003176283748
False,1.99,False,0,True,False,False,,208,0,218,0,0,0,16,Publisher-Backed,1,2018,0.3277310924369748
False,1.99,False,0,True,False,False,,220,0,211,0,0,0,0,Publisher-Backed,1,2018,0.5567567567567567
False,24.99,False,0,True,True,True,81.0,255,0,154,4,0,0,24,Self-Published,1,2018,0.8047138047138047
False,5.99,False,0,True,True,True,,979,0,415,12,0,1,35,Self-Published,1,2018,0.8462956754944686
False,4.99,False,0,True,False,False,,5733,957,341,2384,0,0,12,Self-Published,1,2018,0.7183327318657524
False,19.99,False,0,True,True,True,73.0,763,576,673,54,0,0,102,Publisher-Backed,1,2018,0.8760628703942283
False,4.94,False,67,True,True,False,,551,0,253,16,0,2,51,Publisher-Backed,1,2018,0.8199038733389878
False,19.99,False,0,True,False,False,,1304,0,491,384,0,6,53,Publisher-Backed,1,2018,0.909753451899392
False,4.99,False,0,True,False,False,,41,0,41,2,0,0,0,Publisher-Backed,1,2018,0.8303571428571429
False,4.99,False,0,True,False,False,,118,0,104,1,0,0,0,Self-Published,1,2009,0.6434892541087232
False,13.99,False,0,True,False,False,,1699,67,951,1616,0,0,0,Self-Published,1,2018,0.9792564385208938
False,6.99,False,0,True,True,True,,628,0,269,33,0,1,0,Publisher-Backed,1,2018,0.6877897990726429
False,19.99,False,0,True,True,False,,208,0,66,30,0,2,56,Self-Published,1,2018,0.89562569213732
False,14.99,False,0,True,False,False,,170,0,326,0,0,2,179,Publisher-Backed,1,2018,0.804
False,9.99,False,0,True,False,False,74.0,490,0,152,118,0,0,0,Publisher-Backed,1,2018,0.8791415662650602
False,19.99,False,0,True,False,False,,2772,0,1795,46,0,0,42,Publisher-Backed,1,2018,0.9419498883651699
False,24.99,False,0,True,False,False,,2115,59,975,2547,0,17,100,Publisher-Backed,1,2018,0.9686510207975577
False,19.99,False,0,True,False,False,82.0,1041,0,685,40,0,1,89,Publisher-Backed,1,2018,0.9038171481610395
False,19.99,False,0,True,True,True,74.0,459,0,415,1,0,2,48,Self-Published,1,2018,0.8971061093247589
False,19.99,False,0,True,True,False,,93,0,47,1,0,1,12,Self-Published,1,2018,0.8342268041237113
False,39.99,False,0,True,False,False,92.0,6145,383,1057,14920,0,9,43,Self-Published,1,2018,0.851515900187061
False,49.99,False,0,True,False,False,,1083,0,956,59,0,1,51,Publisher-Backed,1,2018,0.8987597735238608
False,13.99,False,65,True,False,False,80.0,2411,46,695,1501,0,16,60,Publisher-Backed,1,2018,0.8833846973328767
False,14.99,False,0,True,True,False,84.0,1216,0,196,67,0,1,17,Publisher-Backed,1,2018,0.9635221934617966
False,49.99,False,0,True,False,False,74.0,2096,0,223,179,0,57,0,Publisher-Backed,1,2018,0.7909191583610188
False,19.99,False,0,True,True,False,,574,0,675,70,0,0,56,Publisher-Backed,1,2018,0.9116465863453815
False,9.99,False,0,True,False,False,,194,0,50,23,0,0,21,Publisher-Backed,1,2018,0.9723727924462319
False,0.99,False,80,True,False,False,,106,0,56,0,0,1,4,Self-Published,1,2018,0.5114135206321334
False,2.99,False,85,True,False,False,,395,0,42,22,0,0,0,Publisher-Backed,1,2018,0.8454166666666667
False,17.99,False,0,True,False,False,,6976,0,1108,35,0,1,29,Self-Published,1,2018,0.5246364414029084
False,29.99,False,0,True,False,False,,626,0,749,6,0,2,23,Publisher-Backed,1,2018,0.8647898493259318
False,24.99,False,0,True,False,False,,0,0,0,0,0,16,29,Publisher-Backed,1,2018,0.0
False,9.99,False,0,True,False,False,,0,0,0,2,0,0,24,Publisher-Backed,1,2018,0.7283950617283951
False,14.99,False,0,True,True,False,83.0,382,169,307,82,0,1,22,Publisher-Backed,1,2018,0.9803430468980849
False,9.99,False,0,True,True,False,,807,0,581,123,0,3,30,Self-Published,1,2018,0.869323281278047
False,29.99,False,0,True,False,False,,4394,0,335,298,0,0,29,Self-Published,1,2018,0.8839102320273868
False,19.99,False,0,True,False,False,,549,0,348,33,0,0,56,Publisher-Backed,1,2018,0.6216325978069581
False,1.99,False,0,True,False,False,,33,0,28,3,0,0,0,Self-Published,1,2018,0.9689285356319535
False,9.99,False,0,True,True,True,,861,0,192,1,0,1,64,Publisher-Backed,1,2018,0.8246995441359304
False,49.99,False,0,True,False,False,,1469,151,479,677,18,0,23,Self-Published,1,2018,0.9654650301214522
False,9.99,False,0,True,False,False,89.0,1266,191,145,774,0,0,73,Self-Published,1,2018,0.9632920800077552
False,14.99,False,0,True,True,False,,1182,0,918,188,0,0,39,Publisher-Backed,1,2018,0.9329020332717191
False,0.99,False,0,True,False,True,,289,0,274,7,0,0,13,Self-Published,1,2018,0.8896103896103896
False,24.99,False,0,True,False,False,,987,164,475,1488,0,2,39,Publisher-Backed,1,2018,0.8044920736278075
False,2.79,False,30,True,False,False,,88,0,79,46,0,0,2,Publisher-Backed,1,2018,0.9347152728139148
False,19.99,False,0,True,False,False,,523,0,392,3,0,0,21,Publisher-Backed,1,2018,0.9696531791907514
False,19.99,False,0,True,True,True,62.0,3977,0,239,23,17,6,60,Publisher-Backed,1,2018,0.7253068381063705
False,39.99,False,0,True,False,False,74.0,5182,512,1340,25085,17,2,75,Publisher-Backed,1,2018,0.9202036444766183
False,9.99,False,0,True,False,False,85.0,263,0,26,24,17,0,0,Publisher-Backed,1,2018,0.8006902502157032
False,29.99,False,0,True,False,False,,614,0,143,49,0,3,30,Publisher-Backed,1,2018,0.821891033471781
False,14.99,False,0,True,True,False,,147,459,89,0,0,1,0,Self-Published,1,2018,0.8516498500136351
False,19.99,False,0,True,False,False,88.0,1140,0,980,169,17,0,0,Publisher-Backed,1,2018,0.8853734439834025
False,8.99,False,50,True,False,False,,0,0,0,0,0,0,0,Publisher-Backed,1,2018,0.875
False,9.99,False,0,True,False,True,80.0,923,9,121,238,0,0,54,Self-Published,1,2018,0.9166556481114196
False,29.99,False,0,True,False,False,,403,0,410,79,0,0,35,Publisher-Backed,1,2018,0.8917518140085888
False,6.99,False,65,True,False,False,,599,0,599,38,0,0,53,Self-Published,1,2018,0.9644699140401146
False,0.99,False,0,True,False,False,,126,0,141,4,0,0,22,Publisher-Backed,1,2018,0.8259773013871374
False,19.99,False,0,True,True,True,90.0,780,250,324,139,0,1,5,Self-Published,1,2018,0.9745042492917847
False,29.99,False,0,True,True,True,,1661,0,472,2399,0,1,83,Publisher-Backed,1,2018,0.9814664135249977
False,9.99,False,0,True,False,False,,0,0,0,0,0,0,0,Publisher-Backed,1,2018,0.7
False,24.99,False,0,True,False,False,75.0,3015,284,600,96,0,2,40,Publisher-Backed,1,2018,0.9381276994327938
False,4.99,False,0,True,False,False,,202,0,243,1,0,1,5,Self-Published,1,2014,0.7441792782305006
False,2.99,False,90,True,True,True,,470,0,183,31,0,0,105,Self-Published,1,2018,0.8577322738386308
False,29.99,False,0,True,False,False,,1210,489,596,1663,0,20,35,Self-Published,1,2018,0.8311075293575869
False,1.99,False,0,True,False,False,,202,0,219,3,0,0,0,Publisher-Backed,1,2016,0.4769736842105263
False,2.99,False,0,True,False,False,,197,0,284,0,0,0,23,Self-Published,1,2018,0.8320610687022901
False,12.99,False,35,True,False,False,,4436,799,2512,4116,0,4,169,Publisher-Backed,1,2023,0.5328836127941383
False,19.99,False,0,True,False,False,,663,0,215,367,0,1,74,Self-Published,1,2018,0.9835964793906407
False,4.99,False,0,True,True,True,81.0,183,0,146,10,0,0,21,Self-Published,1,2017,0.9329094863643969
False,24.99,False,0,True,False,False,,0,0,0,0,0,0,52,Self-Published,1,2018,0.5555555555555556
False,29.99,False,0,True,False,False,81.0,305,0,151,22,0,13,54,Publisher-Backed,1,2018,0.7435037720033529
False,0.99,False,80,True,False,False,,0,0,0,0,0,0,0,Self-Published,1,2018,0.6666666666666666
False,19.99,False,0,True,True,True,75.0,247,0,165,10,0,1,17,Self-Published,1,2013,0.8938916876574308
False,12.49,False,50,True,True,False,82.0,688,6,403,48,0,3,30,Publisher-Backed,1,2018,0.8421085858585858
False,29.99,False,0,True,False,False,81.0,1248,151,433,328,0,14,20,Publisher-Backed,1,2018,0.8812440117046897
False,0.99,False,0,True,True,True,,212,0,153,7,0,0,20,Publisher-Backed,1,2018,0.9326040931545518
False,6.99,False,0,True,False,False,86.0,323,0,157,32,0,0,0,Publisher-Backed,1,2018,0.8162902816544024
False,9.59,False,84,True,False,False,85.0,3654,614,477,511,0,29,35,Publisher-Backed,1,2018,0.9041054593290945
False,14.99,False,0,True,False,False,,927,0,505,22,0,0,59,Publisher-Backed,1,2022,0.8495157685622051
False,15.99,False,0,True,False,False,,1139,0,279,25,0,0,3,Self-Published,1,2018,0.9229651162790697
False,9.99,False,0,True,False,False,,272,0,212,0,0,0,0,Publisher-Backed,1,2018,0.5652173913043478
False,19.99,False,0,True,False,False,90.0,538,0,193,109,17,0,50,Publisher-Backed,1,2018,0.9255344869270887
False,39.99,False,0,True,False,False,,409,0,362,29,17,2,50,Publisher-Backed,1,2018,0.735870173475098
False,1.99,False,0,True,False,False,,442,0,142,11,0,11,1,Publisher-Backed,1,2018,0.2461272191377065
False,6.99,False,0,True,False,False,71.0,111,0,219,7,0,0,0,Publisher-Backed,1,2018,0.6518375241779497
False,19.99,False,0,True,False,False,67.0,142,0,73,2,0,0,23,Publisher-Backed,1,2018,0.7111247695144438
False,39.99,False,0,True,True,False,80.0,2194,0,494,359,0,21,115,Self-Published,1,2017,0.8348805768364128
False,1.99,False,0,True,False,False,,103,0,67,4,0,0,18,Self-Published,1,2018,0.7824242424242425
False,19.99,False,0,True,False,False,,387,0,187,31,0,0,25,Self-Published,1,2018,0.9124162144909033
False,24.99,False,0,True,True,True,87.0,2154,297,1073,4953,17,41,78,Self-Published,1,2018,0.9520466226138032
False,19.99,False,0,True,False,False,85.0,439,0,377,54,0,2,24,Publisher-Backed,1,2018,0.9344332547675166
False,19.99,False,0,True,True,False,68.0,193,0,139,0,0,0,0,Self-Published,1,2014,0.8708430007733952
False,24.99,False,0,True,False,False,,1300,0,624,45,0,2,100,Publisher-Backed,1,2018,0.7817638266068759
False,9.99,False,0,True,False,False,63.0,278,0,323,1,0,5,27,Publisher-Backed,1,2018,0.6237201365187713
False,19.99,False,0,True,False,False,78.0,1845,0,976,235,0,0,103,Publisher-Backed,1,2018,0.8989750739952546
False,2.99,False,0,True,False,False,67.0,319,0,230,0,0,0,0,Publisher-Backed,1,2018,0.5465116279069767
False,24.99,False,0,True,False,False,,138,0,254,3,0,9,40,Publisher-Backed,1,2018,0.8535980148883374
False,1.99,False,0,True,True,False,,461,0,303,106,0,7,114,Publisher-Backed,1,2018,0.9692189025345594
False,9.99,False,0,True,False,False,,123,0,86,8,0,0,15,Self-Published,1,2018,0.72995652613487
False,69.99,False,0,True,False,False,,991,89,964,3518,17,1,28,Publisher-Backed,1,2025,0.8717179640994878
False,14.99,False,0,True,True,True,90.0,283,0,167,10,0,0,33,Self-Published,1,2018,0.9366812227074236
False,11.99,False,0,True,True,True,84.0,358,0,52,8,0,0,22,Self-Published,1,2018,0.8744619799139168
False,19.99,False,0,True,True,False,,2843,0,927,27,0,0,140,Publisher-Backed,1,2018,0.8564991334488735
False,39.99,False,0,True,False,False,91.0,4512,0,3000,197,0,4,38,Publisher-Backed,1,2018,0.8844192762386066
False,19.99,False,0,True,True,True,81.0,3367,0,803,373,0,5,73,Publisher-Backed,1,2018,0.9169844529187445
False,19.99,False,0,True,True,False,89.0,497,41,463,166,0,1,16,Publisher-Backed,1,2018,0.9681899641577061
False,2.99,False,0,True,False,False,,368,0,311,6,0,0,0,Self-Published,1,2018,0.9460659898477157
False,29.99,False,0,True,False,False,,421,11,132,127,0,1,17,Publisher-Backed,1,2018,0.8359410835329494
False,9.99,False,0,True,True,True,,118,0,123,6,0,2,48,Self-Published,1,2018,0.9749159865578493
False,24.99,False,0,True,False,False,83.0,232,161,133,30,0,0,26,Self-Published,1,2017,0.7466094253097864
False,29.99,False,0,True,False,False,,2298,765,465,39502,17,0,77,Publisher-Backed,1,2018,0.6906640897621732
False,59.99,False,0,True,False,False,,1800,485,819,436,13,6,72,Publisher-Backed,1,2018,0.8169973484502149
False,4.99,False,0,True,False,False,82.0,499,0,299,0,0,0,51,Self-Published,1,2018,0.7888513513513513
False,14.99,False,0,True,True,False,,1815,11,1194,193,0,0,30,Self-Published,1,2018,0.7977060495330898
False,39.99,False,0,True,False,False,66.0,383,0,134,37,0,2,46,Publisher-Backed,1,2021,0.660935810984712
False,1.24,False,75,True,False,True,,0,0,0,0,0,0,8,Self-Published,1,2018,0.8571428571428571
False,8.99,False,0,True,False,False,,6585,249,6483,509,0,0,0,Publisher-Backed,1,2018,0.9056811913954771
False,4.99,False,0,True,True,False,,265,0,272,5,0,0,24,Publisher-Backed,1,2018,0.9047835990888383
False,29.99,False,0,True,False,False,77.0,421,0,164,32,0,4,43,Publisher-Backed,1,2018,0.7380600689315608
False,29.99,False,0,True,True,False,82.0,1196,0,423,173,0,13,139,Self-Published,1,2018,0.8367237400032205
False,24.99,False,0,True,False,False,,328,0,125,10,0,0,16,Self-Published,1,2018,0.85241664512794
False,19.99,False,0,True,False,False,,1308,48,551,260,0,12,104,Publisher-Backed,1,2018,0.912055619266055
False,4.99,False,80,True,True,False,,340,0,426,2,0,2,26,Publisher-Backed,1,2018,0.6698997736825089
False,4.49,False,85,True,False,False,75.0,766,0,167,93,0,2,25,Publisher-Backed,1,2018,0.7263737722325458
False,1.99,False,0,True,True,False,,105,0,84,92,0,3,20,Self-Published,1,2018,0.9284449690174092
False,29.99,False,0,True,False,False,70.0,921,0,1734,1,17,2,52,Publisher-Backed,1,2018,0.6153846153846154
False,3.99,False,0,True,True,False,,841,757,314,1,0,0,30,Publisher-Backed,1,2018,0.5444887118193891
False,9.99,False,0,True,True,False,77.0,397,4,188,73,0,0,0,Publisher-Backed,1,2007,0.7077822208551215
False,0.99,False,0,True,False,False,,337,0,211,0,0,0,4,Self-Published,1,2018,0.5344262295081967
False,49.99,False,0,True,True,True,,4896,291,1458,4609,0,17,127,Publisher-Backed,1,2018,0.6659888251168802
False,19.99,False,0,True,False,False,,314,0,193,44,0,0,11,Self-Published,1,2018,0.910453727763342
False,3.59,False,82,True,True,False,,474,0,166,41,0,3,103,Publisher-Backed,1,2018,0.8082191780821918
False,29.99,False,0,True,True,True,85.0,3281,348,763,8842,0,76,135,Publisher-Backed,1,2018,0.9296225115132175
False,6.99,False,0,True,False,False,,1674,174,168,5667,0,0,0,Self-Published,1,2018,0.8934024429443909
False,7.99,False,0,True,False,False,,112,0,77,10,0,1,15,Publisher-Backed,1,2018,0.8817415730337078
False,9.99,False,0,True,False,False,,1157,254,616,32349,0,0,0,Self-Published,1,2018,0.9650510121631958
False,24.99,False,0,True,False,False,,366,0,141,15,0,0,40,Publisher-Backed,1,2018,0.9047388781431335
False,24.99,False,0,True,False,True,,295,0,143,55,0,3,20,Self-Published,1,2018,0.90406162464986
False,34.99,False,50,True,False,False,,1441,49,1439,506,0,37,57,Publisher-Backed,1,2018,0.4756134201301953
False,1.99,False,0,True,False,False,,0,0,0,0,0,0,20,Publisher-Backed,1,2018,0.9310344827586207
False,1.99,False,80,True,False,False,89.0,103,0,61,26,0,0,0,Publisher-Backed,1,2018,0.8578442311983933
False,29.99,False,0,True,False,False,,329,1,224,22,0,1,40,Publisher-Backed,1,2018,0.9236873673525884
False,9.99,False,0,True,False,False,,139,0,99,15,0,8,12,Publisher-Backed,1,2018,0.9550261179768124
False,14.99,False,0,True,True,False,,142,0,128,29,0,0,14,Self-Published,1,2018,0.9501829439909936
False,4.99,False,75,True,False,False,89.0,165,0,135,70,0,1,9,Publisher-Backed,1,2018,0.957272545668435
False,13.99,False,0,True,False,False,,17342,0,22453,349,0,3,13,Self-Published,1,2018,0.8436354752015637
False,0.99,False,0,True,False,False,,0,0,0,0,0,0,0,Self-Published,1,2018,0.5
False,29.99,False,0,True,False,False,,393,0,391,22,0,2,29,Publisher-Backed,1,2018,0.884804265469342
False,0.49,False,90,True,False,False,,235,0,223,0,0,0,0,Publisher-Backed,1,2018,0.4497907949790795
False,19.99,False,0,True,False,False,,4902,692,922,2703,0,2,128,Publisher-Backed,1,2018,0.9765771906731854
False,34.99,False,0,True,False,False,,1737,37,1629,3605,0,0,0,Self-Published,1,2018,0.9430217669654289
False,29.99,False,0,True,False,False,89.0,1496,26,312,71,0,0,42,Publisher-Backed,1,2018,0.8955491387035747
False,14.99,False,0,True,True,False,,287,0,293,1,0,2,59,Publisher-Backed,1,2018,0.823086574654956
False,49.99,False,0,True,False,False,67.0,2201,0,934,208,0,22,95,Self-Published,1,2018,0.7590070921985815
False,9.99,False,0,True,True,True,77.0,322,0,141,40,0,1,26,Publisher-Backed,1,2018,0.9168912848158132
False,29.99,False,0,True,False,False,75.0,3591,715,561,4508,17,5,307,Self-Published,1,2018,0.8775006699982659
False,9.99,False,0,True,False,False,,314,0,57,297,0,0,58,Publisher-Backed,1,2018,0.865123236001821
False,6.29,False,30,True,False,False,,0,0,0,0,0,0,8,Self-Published,1,2018,0.38461538461538464
False,1.49,False,90,True,False,False,,1220,0,70,5,0,0,22,Self-Published,1,2018,0.8097120271033315
False,14.99,False,0,True,False,False,,354,0,148,53,0,0,0,Self-Published,1,2018,0.6918971373119844
False,29.99,False,0,True,False,False,,772,353,479,318,0,20,20,Publisher-Backed,1,2018,0.7779208073734617
False,0.49,False,51,True,True,True,,1078,0,112,143,0,0,100,Publisher-Backed,1,2019,0.8880020271126314
False,29.99,False,0,True,False,False,77.0,3496,24,1084,2751,0,1,34,Self-Published,1,2018,0.8511842509996924
False,14.99,False,0,True,True,False,,42,0,30,37,0,0,0,Publisher-Backed,1,2018,0.8760847628657922
False,1.99,False,0,True,False,False,,203,0,211,1,0,0,8,Publisher-Backed,1,2018,0.47214076246334313
False,14.99,False,0,True,True,False,,84,0,47,20,0,0,14,Publisher-Backed,1,2018,0.877838360135275
False,24.99,False,0,True,False,False,67.0,2799,0,709,10,0,17,35,Self-Published,1,2018,0.8719309887193099
False,9.99,False,0,True,True,True,75.0,223,294,96,4,0,1,123,Self-Published,1,2013,0.7836958383284809
False,9.99,False,0,True,False,False,,135,31,115,3,0,1,30,Publisher-Backed,1,2018,0.8433333333333334
False,19.99,False,0,True,True,True,,358,0,400,7,0,4,165,Self-Published,1,2018,0.9164032314717246
False,19.99,False,0,True,True,False,,116,0,114,3,0,0,28,Self-Published,1,2015,0.8981481481481481
False,14.99,False,0,True,True,True,70.0,1480,0,500,75,0,1,36,Self-Published,1,2018,0.8248723897911833
False,19.99,False,0,True,False,False,,872,0,307,66,0,1,27,Publisher-Backed,1,2018,0.9413383659668161
False,39.99,False,0,True,False,False,,2166,311,507,6308,17,7,50,Publisher-Backed,1,2018,0.8649213519274352
False,13.99,False,30,True,True,True,84.0,268,0,208,11,0,0,3,Self-Published,1,2018,0.8059479553903346
False,19.99,False,0,True,False,False,,15372,65,815,1143,0,24,0,Self-Published,1,2018,0.7098475295196607
False,19.99,False,0,True,False,False,86.0,3174,1073,786,1264,0,19,0,Publisher-Backed,1,2018,0.8673351564873899
False,14.99,False,0,True,False,False,,691,0,460,114,0,2,70,Publisher-Backed,1,2018,0.9006001500375094
False,39.99,False,0,True,True,True,88.0,3574,440,564,1844,0,2,0,Publisher-Backed,1,2018,0.9522027020650823
False,1.99,False,0,True,False,False,,203,0,245,24,0,0,0,Publisher-Backed,1,2018,0.3090909090909091
False,14.99,False,0,True,True,True,69.0,486,0,90,1,0,0,30,Self-Published,1,2018,0.8975741239892183
False,19.99,False,0,True,False,False,,622,128,264,39,0,0,0,Publisher-Backed,1,2018,0.9528979966355712
False,19.99,False,0,True,True,False,,350,0,220,28,0,2,6,Self-Published,1,2018,0.8725155279503105
False,9.99,False,0,True,False,False,,354,0,53,6,17,0,0,Self-Published,1,2018,0.7596229379418696
False,24.99,False,0,True,True,True,79.0,1736,0,250,32,0,2,49,Self-Published,1,2018,0.8253774219179757
False,3.49,False,30,True,True,True,,2550,893,1002,6389,0,3,177,Self-Published,1,2018,0.9665034099855829
False,1.99,False,0,True,False,False,,195,0,227,0,0,0,25,Publisher-Backed,1,2018,0.6
False,9.99,False,0,True,True,True,,390,0,261,29,0,1,30,Self-Published,1,2018,0.9267399267399268
False,2.99,False,0,True,False,False,,497,16,434,109,0,0,0,Publisher-Backed,1,2018,0.0
False,19.99,False,0,True,True,True,72.0,128,0,60,11,0,12,51,Publisher-Backed,1,2018,0.57672170761176
False,19.99,False,0,True,False,False,,521,0,496,119,0,0,26,Self-Published,1,2018,0.8318440292445166
False,7.99,False,0,True,False,False,,114,0,41,8,0,0,0,Self-Published,1,2018,0.4867074527252503
False,12.99,False,0,True,False,False,80.0,491,0,442,4,0,0,84,Self-Published,1,2018,0.9269252388982574
False,11.99,False,70,True,False,False,,313,0,176,5,0,8,27,Publisher-Backed,1,2018,0.690204081632653
False,29.99,False,0,True,False,False,,878,14,148,252,0,0,284,Publisher-Backed,1,2018,0.8947291575412469
False,29.99,False,0,True,False,False,83.0,154,0,130,11,0,2,25,Self-Published,1,2018,0.9412350597609562
False,2.99,False,0,True,False,False,,225,0,186,9,0,0,0,Publisher-Backed,1,2018,0.8464750675509702
False,11.99,False,0,True,False,False,,670,401,526,1870,0,0,21,Publisher-Backed,1,2018,0.8959756097560976
False,29.99,False,0,True,True,True,80.0,553,0,124,163,0,3,74,Publisher-Backed,1,2018,0.8024328192081412
False,59.99,False,0,True,False,False,,1504,0,510,75,17,3,35,Publisher-Backed,1,2018,0.5720741075463173
False,9.99,False,0,True,False,False,,219,0,131,3,0,0,0,Publisher-Backed,1,2018,0.727906976744186
False,14.99,False,0,True,False,False,79.0,487,44,484,21,0,1,70,Self-Published,1,2018,0.945424013434089
False,9.99,False,0,True,True,True,74.0,117,0,111,1,0,0,20,Publisher-Backed,1,2018,0.8705855018587361
False,29.99,False,0,True,False,False,76.0,638,0,225,72,0,1,51,Publisher-Backed,1,2018,0.8721248190445553
False,19.99,False,0,True,False,False,84.0,237,0,142,4,0,0,31,Publisher-Backed,1,2018,0.9618573797678275
False,4.99,False,0,True,False,False,,235,0,191,30,0,0,7,Self-Published,1,2018,0.9765154556403051
False,19.99,False,0,True,False,False,74.0,1527,52,488,112,0,6,109,Publisher-Backed,1,2018,0.7023942438903362
False,4.99,False,0,True,False,False,,291,331,286,2861,0,0,5,Publisher-Backed,1,2018,0.3713784021071115
False,19.99,False,0,True,True,True,88.0,350,71,218,36,0,3,30,Publisher-Backed,1,2018,0.9727725936341557
False,1.99,False,0,True,False,False,,36715,0,189,0,0,0,9,Publisher-Backed,1,2016,0.833164812942366
False,19.99,False,0,True,False,False,85.0,161,20,125,9,0,4,43,Publisher-Backed,1,2018,0.9374039401984071
False,14.99,False,0,True,True,True,70.0,415,0,443,80,13,2,18,Self-Published,1,2018,0.9729701304164914
False,39.99,False,0,True,False,False,,374,35,235,179,0,0,0,Publisher-Backed,1,2018,0.6999455436558359
False,9.99,False,50,True,False,False,,463,0,64,4,0,1,0,Publisher-Backed,1,2018,0.4883960804538422
False,0.99,False,0,True,True,False,,177,0,207,6,0,0,39,Publisher-Backed,1,2018,0.6227027027027027
False,14.99,False,0,True,False,False,74.0,292,8,188,300,0,0,15,Publisher-Backed,1,2018,0.8611425980503288
False,9.99,False,0,True,False,False,,274,0,74,16,0,0,30,Publisher-Backed,1,2018,0.6682436428149024
False,4.99,False,0,True,True,False,63.0,164,0,220,0,0,0,52,Self-Published,1,2018,0.8651892890120036
False,59.99,False,0,True,False,False,81.0,1805,181,480,2784,0,35,112,Publisher-Backed,1,2018,0.8117651747638596
False,1.49,False,75,True,True,False,,74,0,63,10,0,1,12,Publisher-Backed,1,2018,0.9342558123200112
False,19.99,False,0,True,False,False,,765,877,421,266,0,0,21,Self-Published,1,2018,0.8617803935994114
False,4.99,False,75,True,True,True,80.0,2205,438,273,2330,17,5,452,Self-Published,1,2018,0.7895561119963579
False,49.99,False,0,True,False,False,,2116,176,1241,1405,17,8,72,Publisher-Backed,1,2018,0.8865395735790632
False,39.99,False,0,True,False,False,,614,0,427,25,0,0,51,Publisher-Backed,1,2019,0.7364804302360323
False,1.99,False,80,True,False,False,,234,26,336,117,0,0,0,Publisher-Backed,1,2018,0.7083708370837084
False,1.99,False,0,True,False,False,,203,0,210,0,0,0,0,Publisher-Backed,1,2018,0.4059917355371901
False,29.99,False,0,True,False,False,78.0,559,0,241,61,17,4,64,Publisher-Backed,1,2018,0.8724935732647815
False,19.99,False,0,True,False,False,76.0,1966,0,281,92,17,0,140,Self-Published,1,2018,0.9239130434782609
False,19.99,False,0,True,False,False,79.0,2065,27,179,404,0,0,0,Publisher-Backed,1,2018,0.9363513252079706
False,29.99,False,0,True,True,True,73.0,1521,0,223,20,0,1,92,Publisher-Backed,1,2018,0.9204619326220794
False,1.79,False,70,True,False,False,81.0,736,0,282,106,0,1,0,Self-Published,1,2018,0.955744164898454
False,24.99,False,0,True,False,False,,1669,0,605,329,0,1,19,Publisher-Backed,1,2018,0.8401502504173622
False,12.99,False,0,True,True,False,73.0,2192,0,1878,107,0,1,37,Self-Published,1,2018,0.7348097671777399
False,3.89,False,70,True,False,False,,330,0,121,2,0,1,0,Publisher-Backed,1,2018,0.6416256157635468
False,2.99,False,0,True,False,False,,82,17,54,8,0,0,7,Self-Published,1,2018,0.9718219366681964
False,4.99,False,0,True,False,False,,139,0,126,7,0,0,0,Publisher-Backed,1,2018,0.39701074264362446
False,5.99,False,0,True,True,False,,96,0,57,0,0,0,11,Publisher-Backed,1,2018,0.8353115727002968
False,1.99,False,0,True,False,False,,268,0,275,0,0,0,0,Self-Published,1,2018,0.6791383219954649
False,4.99,False,0,True,False,False,,196,0,5,25,0,0,0,Publisher-Backed,1,2018,0.8859649122807017
False,19.99,False,0,True,False,False,,345,0,200,45,0,4,125,Publisher-Backed,1,2018,0.874964234620887
False,29.99,False,0,True,True,True,,888,0,454,3,18,1,39,Publisher-Backed,1,2018,0.5956964892412231
False,29.99,False,0,True,False,False,,274,0,202,6,0,0,51,Publisher-Backed,1,2018,0.9086741889985895
False,14.99,False,0,True,True,True,86.0,219,0,169,16,0,0,58,Publisher-Backed,1,2018,0.9695740365111561
False,29.99,False,0,True,False,False,,1187,0,420,103,0,1,105,Publisher-Backed,1,2018,0.8609677082244749
False,0.55,False,44,True,True,True,,355,0,369,2,0,2,12,Publisher-Backed,1,2018,0.6274261603375527
False,17.99,False,40,True,True,False,82.0,385,88,330,498,0,1,24,Publisher-Backed,1,2018,0.9725746614136022
False,1.99,False,0,True,False,False,,249,0,270,0,0,0,26,Self-Published,1,2018,0.5196629213483146
False,24.99,False,0,True,False,False,,695,0,394,119,0,1,50,Self-Published,1,2018,0.7558259333758525
False,14.99,False,0,True,False,False,62.0,391,0,321,6,0,0,26,Self-Published,1,2018,0.883503586176918
False,9.99,False,0,True,False,True,72.0,590,66,93,95,17,0,0,Publisher-Backed,1,2018,0.7534447376136031
False,19.99,False,0,True,False,False,83.0,2549,0,2031,470,18,6,63,Publisher-Backed,1,2018,0.9442907822740665
False,4.99,False,0,True,False,False,90.0,36,0,40,1,0,0,0,Publisher-Backed,1,2009,0.5593869731800766
False,2.39,False,80,True,True,True,,230,0,58,8,0,2,20,Publisher-Backed,1,2018,0.8670353982300885
False,5.99,False,0,True,True,False,,146,6,70,110,0,6,16,Self-Published,1,2018,0.9023045105377191
False,19.99,False,0,True,True,True,74.0,528,0,156,3,0,0,27,Self-Published,1,2018,0.7895812053115424
False,14.99,False,0,True,True,True,80.0,463,27,158,215,0,1,14,Self-Published,1,2018,0.9645283979694139
False,9.99,False,75,True,False,False,81.0,935,0,251,2590,0,5,17,Publisher-Backed,1,2018,0.910574971815107
False,29.99,False,0,True,False,False,78.0,216,0,155,1,0,1,31,Publisher-Backed,1,2017,0.9027367592045679
False,9.99,False,0,True,False,False,86.0,197,0,41,0,17,0,0,Self-Published,1,2018,0.6027272727272728
False,29.99,False,0,True,False,False,82.0,938,0,718,37,0,2,40,Publisher-Backed,1,2018,0.92181146025878
False,14.99,False,0,True,True,True,90.0,1173,0,448,285,0,1,70,Self-Published,1,2018,0.9460823110407598
False,0.49,False,51,True,False,False,,379,0,432,1281,0,3,32,Self-Published,1,2018,0.8228980322003577
False,10.49,False,30,True,True,True,,2047,475,1222,674,0,2,460,Self-Published,1,2018,0.9126809602345611
False,1.64,False,70,True,True,False,,269,0,257,57,0,1,14,Publisher-Backed,1,2018,0.9167412712623098
False,14.99,False,0,True,False,False,,641,0,108,44,0,1,456,Self-Published,1,2018,0.8957849319615002
False,7.49,False,50,True,True,True,68.0,286,0,221,22,0,2,22,Self-Published,1,2018,0.9481527475939149
False,14.99,False,0,True,True,False,,248,0,150,2,0,0,12,Self-Published,1,2018,0.7015347334410339
False,13.99,False,30,True,True,False,,75,0,84,175,0,1,122,Publisher-Backed,1,2018,0.9355163727959698
False,7.99,False,0,True,False,False,,0,0,0,0,0,0,0,Publisher-Backed,1,2018,0.5
False,12.99,False,0,True,True,True,73.0,318,0,231,11,0,3,31,Self-Published,1,2018,0.914544499868732
False,4.99,False,0,True,False,False,,2117,0,24,49,0,0,0,Publisher-Backed,1,2018,0.9481442484864439
False,14.99,False,0,True,True,False,,567,0,155,21,0,0,84,Self-Published,1,2018,0.6526520051746443
False,29.99,False,0,True,False,False,,344,0,405,276,17,1,56,Self-Published,1,2025,0.8655256723716381
False,14.99,False,0,True,True,True,76.0,470,0,245,31,0,0,0,Publisher-Backed,1,2018,0.884247496637274
False,19.99,False,0,True,True,True,,4986,0,3375,176,0,1,30,Publisher-Backed,1,2018,0.8719126938541069
False,0.49,False,51,True,True,True,,130,0,57,3,0,1,100,Publisher-Backed,1,2020,0.9192071403732468
False,2.99,False,90,True,True,False,76.0,2074,0,1018,84,0,0,31,Publisher-Backed,1,2018,0.7870641169853768
False,19.99,False,0,True,True,True,77.0,796,0,563,23,0,2,68,Publisher-Backed,1,2018,0.9558692523812787
False,0.49,False,90,True,True,False,,296,0,342,2,0,1,0,Publisher-Backed,1,2018,0.6013568838460639
False,3.99,False,0,True,False,False,,367,0,213,39,0,0,8,Publisher-Backed,1,2018,0.7454545454545455
False,6.24,False,75,True,True,True,,3870,0,736,261,0,8,15,Publisher-Backed,1,2018,0.912772319521572
False,6.99,False,0,True,True,False,68.0,128,0,60,6,0,0,28,Publisher-Backed,1,2018,0.9200290803344239
False,0.65,False,78,True,False,False,,71,0,24,5,0,0,130,Self-Published,1,2018,0.9451859628074385
False,59.99,False,0,True,False,False,77.0,1558,52,607,1288,17,4,93,Publisher-Backed,1,2018,0.6842828129337678
False,2.99,False,0,True,True,False,,529,64,184,672,0,1,39,Publisher-Backed,1,2018,0.9000410285609023
False,29.99,False,0,True,False,False,77.0,1369,0,217,108,0,1,50,Publisher-Backed,1,2018,0.7105766444508838
False,3.99,False,90,True,False,False,,1725,0,946,63,0,4,50,Publisher-Backed,1,2018,0.8982394029279495
False,5.94,False,15,True,False,False,,356,0,274,70,0,0,34,Self-Published,1,2018,0.953021010048284
False,19.99,False,0,True,False,False,,1203,197,1522,470,0,0,41,Publisher-Backed,1,2025,0.6166338582677166
False,9.89,False,34,True,True,False,70.0,12691,2303,971,22170,0,18,32,Publisher-Backed,1,2018,0.8384033855129628
False,34.99,False,0,True,False,False,,3038,0,1233,1632,0,9,227,Self-Published,1,2018,0.8973956913007909
False,9.99,False,0,True,False,False,85.0,204,0,65,5,17,0,0,Publisher-Backed,1,2018,0.7961099932930918
False,6.99,False,0,True,True,False,,1096,567,705,499,0,0,59,Self-Published,1,2018,0.9100211541299749
False,9.99,False,0,True,False,False,77.0,4172,0,1311,111,0,0,0,Publisher-Backed,1,2018,0.47626546681664794
False,20.99,False,30,True,True,False,,5039,0,985,495,0,0,39,Self-Published,1,2018,0.8921593186372746
False,14.99,False,0,True,True,True,,235,0,150,8,0,5,26,Self-Published,1,2018,0.9405970149253732
False,24.99,False,0,True,False,False,,443,0,181,74,0,0,0,Self-Published,1,2018,0.8069916297390448
False,14.99,False,50,True,False,False,,2700,331,2079,596,0,0,71,Publisher-Backed,1,2018,0.8175212503427475
False,11.99,False,0,True,True,True,73.0,554,4,313,68,0,1,52,Publisher-Backed,1,2018,0.9324189169881412
False,49.99,False,0,True,True,False,,236,0,231,6,0,3,39,Publisher-Backed,1,2018,0.8885456001830873
False,1.74,False,75,True,False,False,,94,0,92,6,0,0,14,Publisher-Backed,1,2018,0.7999127209251582
False,7.19,False,60,True,True,True,,762,100,276,402,0,4,47,Publisher-Backed,1,2018,0.9222797927461139
False,7.49,False,70,True,False,False,76.0,319,0,299,26,0,1,12,Publisher-Backed,1,2018,0.7284267386900742
False,10.04,False,33,True,False,False,,1818,1,571,281,0,6,38,Publisher-Backed,1,2018,0.8253087975800353
False,19.99,False,0,True,True,False,,467,0,180,9,0,0,0,Self-Published,1,2018,0.9047546711225884
False,15.99,False,0,True,False,False,68.0,1358,0,313,48,0,0,18,Self-Published,1,2014,0.8240796620398311
False,0.59,False,70,True,False,False,,225,0,113,6,0,0,13,Publisher-Backed,1,2018,0.7897922130320758
False,59.99,False,0,True,False,False,80.0,502,69,126,119,0,16,49,Publisher-Backed,1,2018,0.823203603869729
False,4.99,False,75,True,False,False,,352,0,213,7,0,0,0,Publisher-Backed,1,2018,0.8896492728828058
False,59.99,False,0,True,False,False,89.0,4594,944,3697,7073,18,10,83,Publisher-Backed,1,2018,0.9408034239815511
False,9.99,False,0,True,True,True,80.0,287,0,262,12,0,2,1,Self-Published,1,2018,0.9587191030323622
False,14.99,False,0,True,True,True,,731,0,237,18,0,2,24,Publisher-Backed,1,2018,0.9411616161616162
False,9.99,False,0,True,True,False,,1696,0,1135,153,0,18,125,Self-Published,1,2018,0.9463837158943266
False,2.99,False,0,True,False,False,,121,0,66,20,0,1,13,Publisher-Backed,1,2018,0.9384878744650499
False,29.99,False,0,True,False,False,,1240,1519,510,851,0,1,0,Self-Published,1,2018,0.8385869565217391
False,17.99,False,0,True,False,False,,1045,37,704,174,0,2,37,Self-Published,1,2018,0.9141957491472055
False,1.99,False,0,True,False,False,,151,55,104,4,0,0,2880,Self-Published,1,2018,0.9696210983141379
False,1.99,False,0,True,False,False,,415,0,446,3,0,0,5,Self-Published,1,2018,0.8506122448979592
False,3.24,False,75,True,True,False,79.0,370,0,323,32,0,0,12,Publisher-Backed,1,2018,0.9484885872917952
False,24.99,False,0,True,False,False,83.0,227,0,248,25,0,1,21,Self-Published,1,2018,0.9307307307307308
False,17.99,False,40,True,False,False,82.0,921,63,550,97,0,3,55,Self-Published,1,2018,0.7479852249832102
False,24.99,False,0,True,True,True,79.0,15436,0,86,1,0,0,0,Publisher-Backed,1,2018,0.6716417910447762
False,9.99,False,0,True,False,False,,123,0,112,22,0,0,5,Self-Published,1,2018,0.9253763440860215
False,9.99,False,0,True,True,True,,200,0,212,1,0,0,23,Self-Published,1,2018,0.7400442477876106
False,1.99,False,90,True,True,False,,368,0,123,243,0,2,33,Publisher-Backed,1,2018,0.882536934119027
False,14.99,False,0,True,False,False,,108,0,111,23,0,2,11,Self-Published,1,2018,0.9199457259158752
False,19.99,False,0,True,True,True,,588,0,233,220,0,1,26,Self-Published,1,2018,0.9757562076749435
False,39.99,False,0,True,False,False,58.0,557,36,260,17,17,4,56,Publisher-Backed,1,2018,0.8456260720411664
False,13.99,False,65,True,False,False,75.0,750,0,383,276,0,1,45,Publisher-Backed,1,2018,0.8819808306709265
False,6.99,False,0,True,True,False,,371,0,361,5,0,0,32,Publisher-Backed,1,2018,0.8881764555014107
False,5.99,False,0,True,False,False,,629,55,163,236,0,0,0,Publisher-Backed,1,2014,0.9446101958749513
False,9.99,False,0,True,True,True,67.0,107,0,99,2,17,0,12,Self-Published,1,2018,0.8993878094224115
False,3.99,False,80,True,False,False,80.0,803,0,322,23,0,0,0,Publisher-Backed,1,2018,0.8928571428571429
False,19.99,False,0,True,False,False,,167,0,174,40,0,0,43,Publisher-Backed,1,2018,0.9023141511365964
False,19.99,False,0,True,True,True,,681,0,116,6,0,23,12,Publisher-Backed,1,2018,0.7359176256814052
False,8.99,False,40,True,False,False,74.0,1175,0,345,379,0,8,54,Self-Published,1,2018,0.9199856637247436
False,3.49,False,0,True,False,False,,320,0,105,13,0,1,59,Publisher-Backed,1,2018,0.9410604192355118
False,9.59,False,84,True,False,False,81.0,2024,0,707,93,0,4,63,Publisher-Backed,1,2018,0.8385087393082931
False,59.99,False,0,True,False,False,79.0,2765,0,1674,283,0,6,38,Publisher-Backed,1,2018,0.8661094723041626
False,12.99,False,0,True,False,False,,165,0,147,0,0,1,10,Self-Published,1,2018,0.7933901918976546
False,3.99,False,0,True,True,True,,173,0,8,0,0,0,33,Self-Published,1,2018,0.6916666666666667
False,11.99,False,0,True,True,False,,411,0,156,61,0,7,33,Self-Published,1,2018,0.8554681811562546
False,1.99,False,0,True,True,True,,144,0,187,0,0,0,9,Publisher-Backed,1,2018,0.6492985971943888
False,8.99,False,80,True,False,False,79.0,2395,302,588,200,0,2,47,Publisher-Backed,1,2018,0.8173390513854293
False,5.99,False,0,True,True,False,,614,150,270,555,0,0,24,Self-Published,1,2018,0.9518522559877789
False,17.99,False,0,True,False,False,,1953,347,910,1121,0,1,29,Self-Published,1,2018,0.7750301568154403
False,49.99,False,0,True,False,False,,1427,0,1198,77,0,1,62,Publisher-Backed,1,2018,0.9654438098925564
False,17.99,False,0,True,True,True,90.0,576,19,314,134,0,2,131,Publisher-Backed,1,2018,0.9708717606309728
False,29.99,False,0,True,True,False,,847,34,202,357,0,0,0,Self-Published,1,2018,0.9638589332556106
False,0.69,False,86,True,False,False,76.0,262,0,243,3,0,0,16,Self-Published,1,2018,0.9318738768175134
False,34.99,False,0,True,False,False,70.0,3549,0,239,4,0,4,52,Self-Published,1,2018,0.694600537503054
False,19.99,False,0,True,False,True,,293,0,83,140,17,0,35,Publisher-Backed,1,2016,0.712991452991453
False,12.99,False,0,True,False,False,,2017,0,467,45,0,0,180,Publisher-Backed,1,2018,0.8601398601398601
False,19.99,False,0,True,False,False,79.0,147,0,184,5,0,4,34,Publisher-Backed,1,2018,0.9153160453808752
False,7.99,False,60,True,False,False,81.0,425,0,189,18,0,2,43,Publisher-Backed,1,2018,0.8152854162715721
False,2.99,False,0,True,False,False,,0,0,0,0,0,0,0,Publisher-Backed,1,2018,0.6896551724137931
False,9.99,False,0,True,True,True,80.0,64,0,40,2,0,0,0,Publisher-Backed,1,2018,0.7581174753739511
False,12.99,False,0,True,False,False,82.0,313,0,160,25,0,0,0,Self-Published,1,2011,0.8827914353687549
False,59.99,False,0,True,False,False,,520,273,364,847,18,2,27,Publisher-Backed,1,2018,0.7914046121593291
False,9.99,False,0,True,True,True,70.0,2757,0,358,1,0,0,20,Self-Published,1,2014,0.7727272727272727
False,19.99,False,0,True,False,False,,2230,0,1504,149,17,0,56,Publisher-Backed,1,2018,0.8936976780919286
False,9.99,False,0,True,False,True,59.0,595,155,229,320,18,2,89,Self-Published,1,2018,0.96860190594358
False,9.99,False,0,True,True,False,86.0,192,0,187,11,0,0,13,Self-Published,1,2018,0.8958076448828607
False,4.99,False,0,True,False,False,76.0,238,0,235,0,0,1,4,Publisher-Backed,1,2018,0.7579872204472844
False,4.99,False,75,True,True,False,81.0,213,0,177,17,0,2,26,Publisher-Backed,1,2018,0.9435341567935468
False,9.99,False,0,True,True,True,80.0,234,271,105,2,0,2,27,Publisher-Backed,1,2018,0.8860544217687075
False,4.99,False,0,True,True,True,,0,0,0,0,0,0,9,Publisher-Backed,1,2018,0.8421052631578947
False,19.99,False,0,True,False,False,68.0,2554,1456,835,2278,0,3,294,Publisher-Backed,1,2018,0.9578889206815917
False,17.49,False,30,True,False,False,,1137,2553,367,806,0,1,26,Publisher-Backed,1,2018,0.7903756512201809
False,49.99,False,0,True,False,False,80.0,206,0,177,74,0,2,53,Publisher-Backed,1,2018,0.8132062929315311
False,4.99,False,0,True,False,False,,169,0,28,10,17,0,0,Publisher-Backed,1,2018,0.9341836734693878
False,15.99,False,20,True,False,False,,2458,3,536,268,0,0,0,Publisher-Backed,1,2018,0.9750354300664995
False,49.99,False,0,True,False,False,93.0,1797,24,1528,1380,17,0,37,Publisher-Backed,1,2018,0.9600612592316017
False,19.99,False,0,True,False,False,78.0,830,0,278,83,0,79,46,Publisher-Backed,1,2018,0.8461337024428566
False,2.99,False,0,True,True,True,,260,0,226,1,0,2,9,Self-Published,1,2018,0.6883561643835616
False,9.99,False,0,True,False,False,69.0,524,0,425,2,0,0,59,Publisher-Backed,1,2018,0.5647058823529412
False,2.99,False,0,True,False,False,,225,0,120,0,0,0,0,Self-Published,1,2018,0.5454545454545454
False,14.99,False,0,True,False,True,,163,1,89,291,0,1,0,Self-Published,1,2018,0.9756613756613757
False,7.99,False,0,True,False,False,,127,0,71,17,0,1,30,Publisher-Backed,1,2018,0.8973073784823405
False,19.99,False,0,True,False,False,66.0,314,0,318,12,0,0,46,Publisher-Backed,1,2019,0.7474093264248705
False,4.99,False,0,True,True,False,70.0,279,0,274,1,0,0,0,Self-Published,1,2018,0.8892204401342783
False,14.99,False,50,True,False,False,,1337,0,1310,27,0,2,46,Self-Published,1,2018,0.7657512116316639
False,24.99,False,0,True,False,False,,1851,289,586,3122,0,0,0,Publisher-Backed,1,2018,0.9771194278678771
False,29.99,False,0,True,False,False,,580,0,544,199,0,0,0,Self-Published,1,2018,0.4774447471995156
False,19.99,False,0,True,True,False,76.0,80,0,38,4,0,1,31,Publisher-Backed,1,2018,0.785958904109589
False,19.99,False,0,True,True,False,81.0,1354,0,640,258,0,5,220,Self-Published,1,2018,0.9343837686164472
False,4.99,False,0,True,False,False,,276,0,243,0,0,0,0,Self-Published,1,2018,0.7142857142857143
False,19.99,False,0,True,False,False,,2371,199,915,9978,0,0,54,Self-Published,1,2018,0.9581570256211474
False,5.99,False,60,True,True,False,,274,0,287,185,0,0,82,Publisher-Backed,1,2018,0.9865675174563099
False,19.99,False,0,True,False,False,,295,0,281,30,0,1,30,Publisher-Backed,1,2018,0.8740777791671877
False,19.99,False,0,True,True,True,80.0,417,0,133,3,0,1,38,Self-Published,1,2018,0.7991126448114371
False,5.99,False,0,True,False,False,,525,0,567,10,0,0,0,Publisher-Backed,1,2018,0.7824310520939735
False,5.99,False,0,True,False,False,,430,0,423,15,0,0,64,Publisher-Backed,1,2018,0.4852941176470588
False,19.99,False,0,True,False,False,72.0,188,0,193,6,17,2,35,Self-Published,1,2018,0.8692038495188101
False,0.79,False,90,True,False,False,73.0,127,0,27,20,17,0,0,Self-Published,1,2018,0.7180938900684124
False,14.99,False,0,True,False,False,69.0,724,0,282,10,0,9,49,Publisher-Backed,1,2018,0.6919552867876122
False,7.39,False,80,True,False,False,93.0,478,0,83,65,17,0,0,Publisher-Backed,1,2018,0.934686294126054
False,19.99,False,0,True,False,False,84.0,458,343,130,78,0,1,18,Publisher-Backed,1,2018,0.9375837128315028
False,12.99,False,0,True,True,True,,1503,68,488,49,0,0,29,Self-Published,1,2018,0.815242494226328
False,7.99,False,0,True,False,False,,111,0,55,5,0,0,12,Publisher-Backed,1,2018,0.9048215595208995
False,19.99,False,0,True,True,True,84.0,669,0,248,74,0,0,13,Self-Published,1,2018,0.9382078853046595
False,59.99,False,0,True,False,False,,529,0,372,298,17,3,35,Publisher-Backed,1,2018,0.693582258325064
False,9.99,False,0,True,False,False,,860,0,220,297,0,0,20,Publisher-Backed,1,2018,0.97114410063793
False,8.99,False,0,True,True,False,,250,0,154,27,0,0,56,Self-Published,1,2015,0.8464878006425285
False,9.99,False,0,True,True,False,,146,0,117,0,0,0,0,Self-Published,1,2018,0.7955633980337786
False,29.99,False,0,True,False,False,,282,0,196,20,0,2,50,Self-Published,1,2018,0.89513843470678
False,10.99,False,0,True,True,True,,250,0,259,19,0,1,22,Publisher-Backed,1,2018,0.0
False,19.99,False,0,True,False,False,82.0,842,397,201,186,17,0,44,Self-Published,1,2018,0.9195277767400157
False,29.99,False,0,True,False,False,69.0,812,0,295,14,17,13,43,Publisher-Backed,1,2019,0.5772397891963109
False,29.99,False,0,True,False,False,,919,325,769,925,0,1,81,Publisher-Backed,1,2024,0.7894358605821057
False,9.99,False,0,True,True,False,72.0,237,303,121,4,17,0,20,Self-Published,1,2018,0.8224489795918367
False,2.99,False,0,True,True,True,,36,0,31,0,0,1,8,Self-Published,1,2018,0.8
False,19.99,False,0,True,False,False,75.0,572,0,332,6,0,0,20,Self-Published,1,2018,0.9173975117275137
False,11.99,False,50,True,False,False,,2099,118,1587,7330,0,3,55,Self-Published,1,2018,0.9604536416525518
False,39.99,False,0,True,False,False,71.0,268,0,366,4,0,0,38,Publisher-Backed,1,2018,0.6849019607843138
False,14.99,False,0,True,True,False,,4926,597,860,1748,0,3,0,Publisher-Backed,1,2018,0.8603926250165804
False,5.99,False,0,True,False,False,,438,0,347,46,0,0,10,Self-Published,1,2018,0.9585333554047343
False,19.99,False,0,True,True,False,86.0,717,44,497,556,17,0,50,Publisher-Backed,1,2018,0.9609123542935506
False,34.99,False,0,True,True,True,64.0,245,0,230,19,0,3,42,Publisher-Backed,1,2018,0.7307244351269508
False,29.99,False,0,True,False,False,,1250,0,397,56,0,0,17,Publisher-Backed,1,2018,0.6990163934426229
False,1.99,False,0,True,False,False,,229,0,215,0,0,0,7,Publisher-Backed,1,2018,0.4603174603174603
False,0.99,False,0,True,False,False,,73,0,45,45,0,0,0,Self-Published,1,2018,0.7829059829059829
False,2.99,False,0,True,False,False,,256,222,242,7,0,0,0,Self-Published,1,2018,0.8532721010332951
False,14.99,False,0,True,True,False,78.0,221,0,214,5,0,0,31,Publisher-Backed,1,2018,0.922418405564473
False,4.99,False,0,True,True,True,,135,0,203,0,0,0,14,Self-Published,1,2018,0.7672064777327935
False,39.99,False,0,True,False,False,,2680,26,963,252,13,0,24,Publisher-Backed,1,2018,0.8218298555377207
False,4.99,False,0,True,False,False,,90,0,114,4,0,0,0,Self-Published,1,2009,0.8310090237899918
False,19.99,False,0,True,False,False,,2188,14,618,198,0,8,0,Self-Published,1,2018,0.6619583104772353
False,0.99,False,0,True,True,True,,260,0,154,1,0,0,9,Publisher-Backed,1,2018,0.8700729927007299
False,24.99,False,0,True,False,False,,319,142,179,28,0,1,14,Publisher-Backed,1,2018,0.7756352087114338
False,9.99,False,0,True,True,False,,2112,0,2112,28,0,0,20,Self-Published,1,2018,0.7981029810298103
False,19.99,False,0,True,False,False,,698,95,400,112,0,0,30,Publisher-Backed,1,2018,0.8355335533553355
False,1.99,False,0,True,False,False,,283,0,225,1,0,1,0,Self-Published,1,2016,0.7210599721059973
False,1.99,False,90,True,False,False,73.0,235,0,183,5,0,0,32,Self-Published,1,2018,0.7988795518207283
False,9.99,False,0,True,False,True,,424,88,296,90,0,1,29,Self-Published,1,2018,0.9276595744680851
False,19.99,False,0,True,False,False,,112,0,122,4,0,1,28,Publisher-Backed,1,2022,0.7105166727739098
False,19.99,False,0,True,False,False,,1418,0,544,22,0,1,39,Publisher-Backed,1,2018,0.8290047787242883
False,0.99,False,0,True,True,True,,159,0,122,0,0,0,16,Publisher-Backed,1,2018,0.8272859216255443
False,9.99,False,0,True,True,True,57.0,292,0,398,2,0,0,18,Self-Published,1,2018,0.8696558915537018
False,19.99,False,0,True,True,True,78.0,1034,0,222,279,0,2,93,Self-Published,1,2018,0.9206175298804781
False,22.99,False,0,True,False,False,,1112,0,644,178,0,0,47,Publisher-Backed,1,2018,0.742944651061037
False,7.49,False,70,True,False,False,82.0,1361,590,1076,424,0,4,94,Publisher-Backed,1,2018,0.9183194154488518
False,17.99,False,0,True,False,False,,138,0,131,4,0,1,26,Publisher-Backed,1,2018,0.7506702412868632
False,4.99,False,75,True,True,True,83.0,107,0,116,22,0,1,14,Publisher-Backed,1,2018,0.9690441330265634
False,2.99,False,0,True,False,False,,231,0,24,12,0,0,24,Self-Published,1,2018,0.9636105440667436
False,19.99,False,0,True,True,True,80.0,660,0,269,57,0,1,50,Self-Published,1,2018,0.8980392156862745
False,5.99,False,0,True,False,False,,135,0,128,30,0,0,15,Self-Published,1,2018,0.9335450769606646
False,9.99,False,0,True,True,True,,239,0,250,0,0,1,34,Publisher-Backed,1,2018,0.543010752688172
False,12.99,False,0,True,False,False,82.0,948,37,256,112,0,0,18,Publisher-Backed,1,2018,0.9661087431125897
False,9.99,False,0,True,True,True,78.0,98,0,42,0,0,0,22,Self-Published,1,2018,0.8857994041708044
False,9.99,False,0,True,True,True,82.0,234,0,252,5,0,1,9,Publisher-Backed,1,2018,0.9340327169274538
False,10.99,False,0,True,False,False,,0,0,0,0,0,0,0,Publisher-Backed,1,2018,0.0
False,4.99,False,0,True,False,False,,619,0,397,0,0,0,0,Self-Published,1,2018,0.7782705099778271
False,1.99,False,0,True,False,False,,138,0,109,2,0,1,118,Self-Published,1,2018,0.9435454434846088
False,29.99,False,0,True,True,True,33.0,1094,0,384,7,0,7,69,Self-Published,1,2018,0.43560814529444136
False,29.99,False,0,True,True,True,,4713,0,2728,169,0,0,0,Self-Published,1,2018,0.8967136150234741
False,4.99,False,0,True,False,False,,186,0,141,1,0,0,8,Self-Published,1,2018,0.9524242818146367
False,9.99,False,0,True,True,False,,134,0,128,0,0,0,11,Self-Published,1,2018,0.6545399879735417
False,1.99,False,80,True,True,True,74.0,226,0,181,9,0,2,46,Publisher-Backed,1,2018,0.8348486904600353
False,1.99,False,0,True,False,False,,237,0,256,1,0,0,16,Publisher-Backed,1,2018,0.750816104461371
False,9.99,False,0,True,False,False,,0,0,0,0,0,0,0,Self-Published,1,2024,1.0
False,3.99,False,0,True,False,False,,0,0,0,0,0,0,8,Self-Published,1,2018,1.0
False,9.99,False,0,True,False,False,,387,0,382,1,0,1,57,Self-Published,1,2018,0.7980582524271844
False,8.99,False,0,True,False,False,80.0,398,1881,64,19,13,0,0,Self-Published,1,2018,0.767539605560944
False,29.99,False,0,True,False,False,,1839,309,327,873,0,3,34,Publisher-Backed,1,2018,0.7747722793373462
False,19.99,False,0,True,False,False,,640,0,318,54,13,2,31,Self-Published,1,2018,0.5876826722338204
False,4.99,False,0,True,True,False,75.0,75,0,75,0,0,0,13,Self-Published,1,2013,0.7468879668049793
False,2.99,False,0,True,False,False,,423,0,415,112,0,0,32,Self-Published,1,2018,0.9661163454058259
False,4.99,False,0,True,True,False,,78,0,85,0,0,0,7,Self-Published,1,2018,0.5380894800483675
False,9.99,False,50,True,True,False,72.0,688,425,602,958,0,8,101,Publisher-Backed,1,2018,0.8787685181487841
False,14.99,False,0,True,False,False,,114,0,100,4,0,0,24,Publisher-Backed,1,2018,0.8144499178981938
False,8.39,False,72,True,False,False,,2229,0,720,633,0,2,51,Publisher-Backed,1,2018,0.8406846049046321
False,19.99,False,0,True,False,False,,844,0,242,7,0,3,36,Publisher-Backed,1,2018,0.8175144205558469
False,59.99,False,0,True,False,False,,12393,555,4877,501,0,37,0,Self-Published,1,2018,0.5730061349693252
False,4.99,False,75,True,False,False,83.0,534,305,214,73,0,0,80,Publisher-Backed,1,2018,0.9022404837584309
False,14.99,False,0,True,True,True,,250,0,215,4,0,2,19,Publisher-Backed,1,2018,0.8077786972455373
False,6.99,False,0,True,False,False,,510,0,145,1,13,0,0,Publisher-Backed,1,2018,0.6116322701688556
False,19.99,False,0,True,True,True,,43,0,20,0,0,2,42,Self-Published,1,2018,0.6629303442754203
False,19.99,False,0,True,False,False,76.0,696,0,506,160,0,0,0,Publisher-Backed,1,2018,0.9469402193137602
False,4.99,False,80,True,True,False,81.0,1635,0,312,929,0,0,71,Publisher-Backed,1,2018,0.9138182534989159
False,24.99,False,0,True,False,False,,296,0,322,74,0,1,39,Self-Published,1,2024,0.9650440426518313
False,19.99,False,0,True,False,False,59.0,202,0,155,43,0,0,0,Publisher-Backed,1,2018,0.6350839198700595
False,14.99,False,0,True,False,False,,362,0,358,0,0,0,0,Self-Published,1,2018,0.7293388429752066
False,19.99,False,0,True,False,False,74.0,204,0,106,61,0,1,20,Publisher-Backed,1,2018,0.8462176165803109
False,9.99,False,0,True,False,False,,0,0,0,0,0,1,15,Publisher-Backed,1,2018,0.6666666666666666
